2026-06-03 01:04:07 [info] ═══════════════════════════════════════════
2026-06-03 01:04:07 [info] 🚀 JobHunter UA Backend запущен
2026-06-03 01:04:07 [info]    Порт: 3001
2026-06-03 01:04:07 [info]    Режим: development
2026-06-03 01:04:07 [info]    Jooble API: ✗ не указан
2026-06-03 01:04:08 [info]    Время: 03.06.2026, 01:04:07
2026-06-03 01:04:08 [info] ═══════════════════════════════════════════
2026-06-03 01:04:24 [info] → POST /api/resume/upload
2026-06-03 01:04:24 [info] Получен файл: CV_Vladyslav_Hryn (3).pdf (129.6 КБ)
2026-06-03 01:04:24 [info] Начинаю парсинг PDF: uploads\resume-1780437864492-923783343.pdf
2026-06-03 01:04:24 [info] Резюме успешно распарсено: 1 страниц(ы), 2801 символов
2026-06-03 01:04:24 [info] Начинаю извлечение данных из текста резюме...
2026-06-03 01:04:24 [info] Извлечено: позиция="Software Engineer", навыков=8, опыт=1 лет, уровень=Junior, город=Київ
2026-06-03 01:04:32 [info] → POST /api/search
2026-06-03 01:04:32 [info] Запуск поиска вакансий...
2026-06-03 01:04:32 [info] ═══════════════════════════════════════════
2026-06-03 01:04:32 [info] Запуск поиска по всем источникам...
2026-06-03 01:04:32 [info] Ключевые слова: "Software Engineer"
2026-06-03 01:04:32 [info] Навыки: Python, C#, HTML, CSS, SQL, SQLite, Git, GitHub
2026-06-03 01:04:32 [info] Город: Київ, Уровень: Junior
2026-06-03 01:04:32 [info] ═══════════════════════════════════════════
2026-06-03 01:04:32 [info] [Jooble] Начинаю поиск: keywords="Software Engineer", location="Київ"
2026-06-03 01:04:32 [warn] [Jooble] API-ключ не указан. Пропускаю Jooble. Укажите JOOBLE_API_KEY в .env
2026-06-03 01:04:32 [info] [Work.ua] Начинаю поиск: keywords="Software Engineer", location="Київ"
2026-06-03 01:04:32 [info] [Work.ua] Запрос: https://www.work.ua/jobs-Software+Engineer+Python+C%23/?page=1
2026-06-03 01:04:32 [info] [Robota.ua] Начинаю поиск: keywords="Software Engineer", location="Київ"
2026-06-03 01:04:32 [info] [DOU] Начинаю поиск: keywords="Software Engineer", location="Київ"
2026-06-03 01:04:32 [info] [DOU] Запрос: https://jobs.dou.ua/vacancies/?search=Software%20Engineer
2026-06-03 01:04:32 [info] [Jooble] Найдено 0 вакансий
2026-06-03 01:04:32 [warn] [Robota.ua] API-эндпоинт недоступен (Request failed with status code 500), переключаюсь на HTML-скрапинг
2026-06-03 01:04:32 [info] [Robota.ua] HTML запрос: https://robota.ua/zapros/Software%20Engineer/ukraine
2026-06-03 01:04:32 [info] [Work.ua] Страница 1: найдено 10 вакансий
2026-06-03 01:04:32 [info] [Work.ua] Парсинг завершен, найдено 10 вакансий
2026-06-03 01:04:32 [info] [Work.ua] Найдено 10 вакансий
2026-06-03 01:04:35 [info] [DOU] Запрос: https://jobs.dou.ua/first-job/
2026-06-03 01:04:36 [warn] [Robota.ua] HTML-скрапинг не дал результатов. Возможно, структура страницы изменилась.
2026-06-03 01:04:36 [info] [Robota.ua] Парсинг завершен, найдено 0 вакансий
2026-06-03 01:04:36 [info] [Robota.ua] Найдено 0 вакансий
2026-06-03 01:04:38 [info] [DOU] Раздел "Первая работа": найдено 217 вакансий
2026-06-03 01:04:38 [info] [DOU] Запрос: https://jobs.dou.ua/vacancies/?category=Python
2026-06-03 01:04:41 [info] [DOU] Парсинг завершен, найдено 255 вакансий
2026-06-03 01:04:41 [info] [DOU] Найдено 255 вакансий
2026-06-03 01:04:41 [info] ✓ Jooble: 0 вакансий
2026-06-03 01:04:41 [info] ✓ Work.ua: 10 вакансий
2026-06-03 01:04:41 [info] ✓ Robota.ua: 0 вакансий
2026-06-03 01:04:41 [info] ✓ DOU: 255 вакансий
2026-06-03 01:04:41 [info] ═══════════════════════════════════════════
2026-06-03 01:04:41 [info] Поиск завершён за 9.2с. Итого: 263 уникальных вакансий
2026-06-03 01:04:41 [info]   ✓ Jooble: 0 вакансий
2026-06-03 01:04:41 [info]   ✓ Work.ua: 10 вакансий
2026-06-03 01:04:41 [info]   ✓ Robota.ua: 0 вакансий
2026-06-03 01:04:41 [info]   ✓ DOU: 255 вакансий
2026-06-03 01:04:41 [info] ═══════════════════════════════════════════
2026-06-03 01:04:41 [info] Начинаю скоринг 263 вакансий...
2026-06-03 01:04:41 [info] Скоринг завершён. Средний score: 26%, макс: 57%
2026-06-03 01:04:41 [info] Поиск завершён. Отправляю 263 вакансий клиенту.
2026-06-03 01:10:06 [info] ═══════════════════════════════════════════
2026-06-03 01:10:06 [info] 🚀 JobHunter UA Backend запущен
2026-06-03 01:10:06 [info]    Порт: 3001
2026-06-03 01:10:06 [info]    Режим: development
2026-06-03 01:10:06 [info]    Jooble API: ✓ настроен
2026-06-03 01:10:06 [info]    Время: 03.06.2026, 01:10:06
2026-06-03 01:10:06 [info] ═══════════════════════════════════════════
2026-06-03 01:10:10 [info] → POST /api/resume/upload
2026-06-03 01:10:10 [info] Получен файл: CV_Vladyslav_Hryn (3).pdf (129.6 КБ)
2026-06-03 01:10:10 [info] Начинаю парсинг PDF: uploads\resume-1780438210613-744893994.pdf
2026-06-03 01:10:10 [info] Резюме успешно распарсено: 1 страниц(ы), 2801 символов
2026-06-03 01:10:10 [info] Начинаю извлечение данных из текста резюме...
2026-06-03 01:10:10 [info] Извлечено: позиция="Software Engineer", навыков=8, опыт=1 лет, уровень=Junior, город=Київ
2026-06-03 01:10:15 [info] → POST /api/search
2026-06-03 01:10:15 [info] Запуск поиска вакансий...
2026-06-03 01:10:15 [info] ═══════════════════════════════════════════
2026-06-03 01:10:15 [info] Запуск поиска по всем источникам...
2026-06-03 01:10:15 [info] Ключевые слова: "Software Engineer"
2026-06-03 01:10:15 [info] Навыки: Python, C#, HTML, CSS, SQL, SQLite, Git, GitHub
2026-06-03 01:10:15 [info] Город: Київ, Уровень: Intern
2026-06-03 01:10:15 [info] ═══════════════════════════════════════════
2026-06-03 01:10:15 [info] [Jooble] Начинаю поиск: keywords="Software Engineer", location="Київ"
2026-06-03 01:10:15 [info] [Work.ua] Начинаю поиск: keywords="Software Engineer", location="Київ"
2026-06-03 01:10:15 [info] [Work.ua] Запрос: https://www.work.ua/jobs-Software+Engineer+Python+C%23/?page=1
2026-06-03 01:10:15 [info] [Robota.ua] Начинаю поиск: keywords="Software Engineer", location="Київ"
2026-06-03 01:10:15 [info] [DOU] Начинаю поиск: keywords="Software Engineer", location="Київ"
2026-06-03 01:10:15 [info] [DOU] Запрос: https://jobs.dou.ua/vacancies/?search=Software%20Engineer
2026-06-03 01:10:16 [warn] [Robota.ua] API-эндпоинт недоступен (Request failed with status code 500), переключаюсь на HTML-скрапинг
2026-06-03 01:10:16 [info] [Robota.ua] HTML запрос: https://robota.ua/zapros/Software%20Engineer/ukraine
2026-06-03 01:10:16 [warn] [Robota.ua] HTML-скрапинг не дал результатов. Возможно, структура страницы изменилась.
2026-06-03 01:10:16 [info] [Robota.ua] Парсинг завершен, найдено 0 вакансий
2026-06-03 01:10:16 [info] [Robota.ua] Найдено 0 вакансий
2026-06-03 01:10:16 [info] [Work.ua] Страница 1: найдено 10 вакансий
2026-06-03 01:10:16 [info] [Work.ua] Парсинг завершен, найдено 10 вакансий
2026-06-03 01:10:16 [info] [Work.ua] Найдено 10 вакансий
2026-06-03 01:10:16 [info] [Jooble] Запрос к API выполнен (200 OK), страница 1
2026-06-03 01:10:16 [info] [Jooble] Найдено 0 вакансий
2026-06-03 01:10:18 [info] [DOU] Запрос: https://jobs.dou.ua/first-job/
2026-06-03 01:10:21 [info] [DOU] Раздел "Первая работа": найдено 217 вакансий
2026-06-03 01:10:21 [info] [DOU] Запрос: https://jobs.dou.ua/vacancies/?category=Python
2026-06-03 01:10:23 [info] [DOU] Парсинг завершен, найдено 255 вакансий
2026-06-03 01:10:23 [info] [DOU] Найдено 255 вакансий
2026-06-03 01:10:23 [info] ✓ Jooble: 0 вакансий
2026-06-03 01:10:23 [info] ✓ Work.ua: 10 вакансий
2026-06-03 01:10:23 [info] ✓ Robota.ua: 0 вакансий
2026-06-03 01:10:23 [info] ✓ DOU: 255 вакансий
2026-06-03 01:10:23 [info] ═══════════════════════════════════════════
2026-06-03 01:10:23 [info] Поиск завершён за 7.7с. Итого: 263 уникальных вакансий
2026-06-03 01:10:23 [info]   ✓ Jooble: 0 вакансий
2026-06-03 01:10:23 [info]   ✓ Work.ua: 10 вакансий
2026-06-03 01:10:23 [info]   ✓ Robota.ua: 0 вакансий
2026-06-03 01:10:23 [info]   ✓ DOU: 255 вакансий
2026-06-03 01:10:23 [info] ═══════════════════════════════════════════
2026-06-03 01:10:23 [info] Начинаю скоринг 263 вакансий...
2026-06-03 01:10:23 [info] Скоринг завершён. Средний score: 26%, макс: 57%
2026-06-03 01:10:23 [info] Поиск завершён. Отправляю 263 вакансий клиенту.
2026-06-03 01:11:31 [info] ═══════════════════════════════════════════
2026-06-03 01:11:31 [info] 🚀 JobHunter UA Backend запущен
2026-06-03 01:11:31 [info]    Порт: 3001
2026-06-03 01:11:31 [info]    Режим: development
2026-06-03 01:11:31 [info]    Jooble API: ✓ настроен
2026-06-03 01:11:31 [info]    Время: 03.06.2026, 01:11:31
2026-06-03 01:11:31 [info] ═══════════════════════════════════════════
2026-06-03 01:12:12 [info] ═══════════════════════════════════════════
2026-06-03 01:12:12 [info] 🚀 JobHunter UA Backend запущен
2026-06-03 01:12:12 [info]    Порт: 3001
2026-06-03 01:12:12 [info]    Режим: development
2026-06-03 01:12:12 [info]    Jooble API: ✓ настроен
2026-06-03 01:12:12 [info]    Время: 03.06.2026, 01:12:12
2026-06-03 01:12:12 [info] ═══════════════════════════════════════════
2026-06-03 01:12:18 [info] → POST /api/resume/upload
2026-06-03 01:12:18 [info] Получен файл: CV_Vladyslav_Hryn (3).pdf (129.6 КБ)
2026-06-03 01:12:18 [info] Начинаю парсинг PDF: uploads\resume-1780438338172-148584088.pdf
2026-06-03 01:12:18 [info] Резюме успешно распарсено: 1 страниц(ы), 2801 символов
2026-06-03 01:12:18 [info] Начинаю извлечение данных из текста резюме...
2026-06-03 01:12:18 [info] Извлечено: позиция="Software Engineer", навыков=8, опыт=1 лет, уровень=Junior, город=Київ
2026-06-03 01:12:28 [info] → POST /api/search
2026-06-03 01:12:28 [info] Запуск поиска вакансий...
2026-06-03 01:12:28 [info] ═══════════════════════════════════════════
2026-06-03 01:12:28 [info] Запуск поиска по всем источникам...
2026-06-03 01:12:28 [info] Ключевые слова: "Junior Developer"
2026-06-03 01:12:28 [info] Навыки: Python, C#, HTML, CSS, SQL, SQLite, Git, GitHub
2026-06-03 01:12:28 [info] Город: Київ, Уровень: Junior
2026-06-03 01:12:28 [info] ═══════════════════════════════════════════
2026-06-03 01:12:28 [info] [Jooble] Начинаю поиск: keywords="Junior Developer", location="Київ"
2026-06-03 01:12:28 [info] [Work.ua] Начинаю поиск: keywords="Junior Developer", location="Київ"
2026-06-03 01:12:28 [info] [Work.ua] Запрос: https://www.work.ua/jobs-Junior+Developer+Python+C%23/?page=1
2026-06-03 01:12:28 [info] [Robota.ua] Начинаю поиск: keywords="Junior Developer", location="Київ"
2026-06-03 01:12:28 [info] [DOU] Начинаю поиск: keywords="Junior Developer", location="Київ"
2026-06-03 01:12:28 [info] [DOU] Запрос: https://jobs.dou.ua/vacancies/?search=Junior%20Developer
2026-06-03 01:12:28 [error] [Jooble] Ошибка на странице 1: Request failed with status code 403
2026-06-03 01:12:28 [error] [Jooble] Ошибка: Request failed with status code 403
2026-06-03 01:12:28 [info] [Work.ua] Страница 1: найдено 10 вакансий
2026-06-03 01:12:28 [info] [Work.ua] Парсинг завершен, найдено 10 вакансий
2026-06-03 01:12:28 [info] [Work.ua] Найдено 10 вакансий
2026-06-03 01:12:30 [warn] [Robota.ua] API-эндпоинт недоступен (Request failed with status code 500), переключаюсь на HTML-скрапинг
2026-06-03 01:12:30 [info] [Robota.ua] HTML запрос: https://robota.ua/zapros/Junior%20Developer/ukraine
2026-06-03 01:12:30 [warn] [Robota.ua] HTML-скрапинг не дал результатов. Возможно, структура страницы изменилась.
2026-06-03 01:12:30 [info] [Robota.ua] Парсинг завершен, найдено 0 вакансий
2026-06-03 01:12:30 [info] [Robota.ua] Найдено 0 вакансий
2026-06-03 01:12:30 [info] [DOU] Запрос: https://jobs.dou.ua/first-job/
2026-06-03 01:12:33 [info] [DOU] Раздел "Первая работа": найдено 217 вакансий
2026-06-03 01:12:33 [info] [DOU] Запрос: https://jobs.dou.ua/vacancies/?category=Python
2026-06-03 01:12:36 [info] [DOU] Парсинг завершен, найдено 256 вакансий
2026-06-03 01:12:36 [info] [DOU] Найдено 256 вакансий
2026-06-03 01:12:36 [warn] ✗ Jooble: Request failed with status code 403
2026-06-03 01:12:36 [info] ✓ Work.ua: 10 вакансий
2026-06-03 01:12:36 [info] ✓ Robota.ua: 0 вакансий
2026-06-03 01:12:36 [info] ✓ DOU: 256 вакансий
2026-06-03 01:12:36 [info] ═══════════════════════════════════════════
2026-06-03 01:12:36 [info] Поиск завершён за 7.8с. Итого: 266 уникальных вакансий
2026-06-03 01:12:36 [info]   ✗ Jooble: 0 вакансий (Request failed with status code 403)
2026-06-03 01:12:36 [info]   ✓ Work.ua: 10 вакансий
2026-06-03 01:12:36 [info]   ✓ Robota.ua: 0 вакансий
2026-06-03 01:12:36 [info]   ✓ DOU: 256 вакансий
2026-06-03 01:12:36 [info] ═══════════════════════════════════════════
2026-06-03 01:12:36 [info] Начинаю скоринг 266 вакансий...
2026-06-03 01:12:36 [info] Скоринг завершён. Средний score: 33%, макс: 57%
2026-06-03 01:12:36 [info] Поиск завершён. Отправляю 266 вакансий клиенту.
2026-06-03 01:16:41 [info] ═══════════════════════════════════════════
2026-06-03 01:16:41 [info] 🚀 JobHunter UA Backend запущен
2026-06-03 01:16:41 [info]    Порт: 3001
2026-06-03 01:16:41 [info]    Режим: development
2026-06-03 01:16:41 [info]    Jooble API: ✓ настроен
2026-06-03 01:16:41 [info]    Время: 03.06.2026, 01:16:41
2026-06-03 01:16:41 [info] ═══════════════════════════════════════════
2026-06-03 01:18:12 [info] ═══════════════════════════════════════════
2026-06-03 01:18:12 [info] 🚀 JobHunter UA Backend запущен
2026-06-03 01:18:12 [info]    Порт: 3001
2026-06-03 01:18:12 [info]    Режим: development
2026-06-03 01:18:12 [info]    Jooble API: ✓ настроен
2026-06-03 01:18:12 [info]    Время: 03.06.2026, 01:18:12
2026-06-03 01:18:12 [info] ═══════════════════════════════════════════
2026-06-03 01:18:22 [info] → POST /api/resume/upload
2026-06-03 01:18:22 [info] Получен файл: CV Voronov_Fedir.pdf (110.3 КБ)
2026-06-03 01:18:22 [info] Начинаю парсинг PDF: uploads\resume-1780438702679-328793910.pdf
2026-06-03 01:18:22 [info] Резюме успешно распарсено: 1 страниц(ы), 749 символов
2026-06-03 01:18:22 [info] Начинаю извлечение данных из текста резюме...
2026-06-03 01:18:22 [info] Извлечено: позиция="", навыков=0, опыт=4 лет, уровень=Junior, город=Київ
2026-06-03 01:18:30 [info] → POST /api/resume/upload
2026-06-03 01:18:30 [info] Получен файл: CV_Vladyslav_Hryn (3).pdf (129.6 КБ)
2026-06-03 01:18:30 [info] Начинаю парсинг PDF: uploads\resume-1780438710550-361700194.pdf
2026-06-03 01:18:30 [info] Резюме успешно распарсено: 1 страниц(ы), 2801 символов
2026-06-03 01:18:30 [info] Начинаю извлечение данных из текста резюме...
2026-06-03 01:18:30 [info] Извлечено: позиция="Software Engineer", навыков=8, опыт=1 лет, уровень=Junior, город=Київ
2026-06-03 01:18:37 [info] → POST /api/search
2026-06-03 01:18:37 [info] Запуск поиска вакансий...
2026-06-03 01:18:37 [info] ═══════════════════════════════════════════
2026-06-03 01:18:37 [info] Запуск поиска по всем источникам...
2026-06-03 01:18:37 [info] Ключевые слова: "Junior Software Engineer"
2026-06-03 01:18:37 [info] Навыки: Python, C#, HTML, CSS, SQL, SQLite, Git, GitHub
2026-06-03 01:18:37 [info] Город: Київ, Уровень: Junior
2026-06-03 01:18:37 [info] ═══════════════════════════════════════════
2026-06-03 01:18:37 [info] [Jooble] Начинаю поиск: keywords="Junior Software Engineer", location="Київ"
2026-06-03 01:18:37 [info] [Work.ua] Начинаю поиск: keywords="Junior Software Engineer", location="Київ"
2026-06-03 01:18:37 [info] [Work.ua] Запрос: https://www.work.ua/jobs-Junior+Software+Engineer+Python+C%23/?page=1
2026-06-03 01:18:37 [info] [Robota.ua] Начинаю поиск: keywords="Junior Software Engineer", location="Київ"
2026-06-03 01:18:37 [info] [DOU] Начинаю поиск: keywords="Junior Software Engineer", location="Київ"
2026-06-03 01:18:37 [info] [DOU] Запрос: https://jobs.dou.ua/vacancies/?search=Junior%20Software%20Engineer
2026-06-03 01:18:37 [warn] [Robota.ua] API-эндпоинт недоступен (Request failed with status code 500), переключаюсь на HTML-скрапинг
2026-06-03 01:18:37 [info] [Robota.ua] HTML запрос: https://robota.ua/zapros/Junior%20Software%20Engineer/ukraine
2026-06-03 01:18:37 [info] [Work.ua] Страница 1: найдено 10 вакансий
2026-06-03 01:18:37 [info] [Work.ua] Парсинг завершен, найдено 10 вакансий
2026-06-03 01:18:37 [info] [Work.ua] Найдено 10 вакансий
2026-06-03 01:18:37 [error] [Jooble] Ошибка на странице 1: Request failed with status code 403
2026-06-03 01:18:37 [error] [Jooble] Ошибка: Request failed with status code 403
2026-06-03 01:18:38 [warn] [Robota.ua] HTML-скрапинг не дал результатов. Возможно, структура страницы изменилась.
2026-06-03 01:18:38 [info] [Robota.ua] Парсинг завершен, найдено 0 вакансий
2026-06-03 01:18:38 [info] [Robota.ua] Найдено 0 вакансий
2026-06-03 01:18:40 [info] [DOU] Запрос: https://jobs.dou.ua/first-job/
2026-06-03 01:18:42 [info] [DOU] Раздел "Первая работа": найдено 217 вакансий
2026-06-03 01:18:42 [info] [DOU] Запрос: https://jobs.dou.ua/vacancies/?category=Python
2026-06-03 01:18:43 [info] → POST /api/resume/upload
2026-06-03 01:18:43 [info] Получен файл: CV_Vladyslav_Hryn (3).pdf (129.6 КБ)
2026-06-03 01:18:43 [info] Начинаю парсинг PDF: uploads\resume-1780438723816-427367456.pdf
2026-06-03 01:18:43 [info] Резюме успешно распарсено: 1 страниц(ы), 2801 символов
2026-06-03 01:18:43 [info] Начинаю извлечение данных из текста резюме...
2026-06-03 01:18:43 [info] Извлечено: позиция="Software Engineer", навыков=8, опыт=1 лет, уровень=Junior, город=Київ
2026-06-03 01:18:45 [info] [DOU] Парсинг завершен, найдено 244 вакансий
2026-06-03 01:18:45 [info] [DOU] Найдено 244 вакансий
2026-06-03 01:18:45 [warn] ✗ Jooble: Request failed with status code 403
2026-06-03 01:18:45 [info] ✓ Work.ua: 10 вакансий
2026-06-03 01:18:45 [info] ✓ Robota.ua: 0 вакансий
2026-06-03 01:18:45 [info] ✓ DOU: 244 вакансий
2026-06-03 01:18:45 [info] ═══════════════════════════════════════════
2026-06-03 01:18:45 [info] Поиск завершён за 8.6с. Итого: 254 уникальных вакансий
2026-06-03 01:18:45 [info]   ✗ Jooble: 0 вакансий (Request failed with status code 403)
2026-06-03 01:18:45 [info]   ✓ Work.ua: 10 вакансий
2026-06-03 01:18:45 [info]   ✓ Robota.ua: 0 вакансий
2026-06-03 01:18:45 [info]   ✓ DOU: 244 вакансий
2026-06-03 01:18:45 [info] ═══════════════════════════════════════════
2026-06-03 01:18:45 [info] Начинаю скоринг 254 вакансий...
2026-06-03 01:18:45 [info] Скоринг завершён. Средний score: 26%, макс: 57%
2026-06-03 01:18:45 [info] Поиск завершён. Отправляю 254 вакансий клиенту.
2026-06-03 01:18:47 [info] → POST /api/search
2026-06-03 01:18:47 [info] Запуск поиска вакансий...
2026-06-03 01:18:47 [info] ═══════════════════════════════════════════
2026-06-03 01:18:47 [info] Запуск поиска по всем источникам...
2026-06-03 01:18:47 [info] Ключевые слова: "Software Engineer"
2026-06-03 01:18:47 [info] Навыки: Python, C#, HTML, CSS, SQL, SQLite, Git, GitHub
2026-06-03 01:18:47 [info] Город: Київ, Уровень: Intern
2026-06-03 01:18:47 [info] ═══════════════════════════════════════════
2026-06-03 01:18:47 [info] [Jooble] Начинаю поиск: keywords="Software Engineer", location="Київ"
2026-06-03 01:18:47 [info] [Work.ua] Начинаю поиск: keywords="Software Engineer", location="Київ"
2026-06-03 01:18:47 [info] [Work.ua] Запрос: https://www.work.ua/jobs-Software+Engineer+Python+C%23/?page=1
2026-06-03 01:18:47 [info] [Robota.ua] Начинаю поиск: keywords="Software Engineer", location="Київ"
2026-06-03 01:18:47 [info] [DOU] Начинаю поиск: keywords="Software Engineer", location="Київ"
2026-06-03 01:18:47 [info] [DOU] Запрос: https://jobs.dou.ua/vacancies/?search=Software%20Engineer
2026-06-03 01:18:47 [warn] [Robota.ua] API-эндпоинт недоступен (Request failed with status code 500), переключаюсь на HTML-скрапинг
2026-06-03 01:18:47 [info] [Robota.ua] HTML запрос: https://robota.ua/zapros/Software%20Engineer/ukraine
2026-06-03 01:18:47 [info] [Work.ua] Страница 1: найдено 10 вакансий
2026-06-03 01:18:47 [info] [Work.ua] Парсинг завершен, найдено 10 вакансий
2026-06-03 01:18:47 [info] [Work.ua] Найдено 10 вакансий
2026-06-03 01:18:48 [error] [Jooble] Ошибка на странице 1: Request failed with status code 403
2026-06-03 01:18:48 [error] [Jooble] Ошибка: Request failed with status code 403
2026-06-03 01:18:48 [warn] [Robota.ua] HTML-скрапинг не дал результатов. Возможно, структура страницы изменилась.
2026-06-03 01:18:48 [info] [Robota.ua] Парсинг завершен, найдено 0 вакансий
2026-06-03 01:18:48 [info] [Robota.ua] Найдено 0 вакансий
2026-06-03 01:18:50 [info] [DOU] Запрос: https://jobs.dou.ua/first-job/
2026-06-03 01:18:53 [info] [DOU] Раздел "Первая работа": найдено 217 вакансий
2026-06-03 01:18:53 [info] [DOU] Запрос: https://jobs.dou.ua/vacancies/?category=Python
2026-06-03 01:18:55 [info] [DOU] Парсинг завершен, найдено 255 вакансий
2026-06-03 01:18:55 [info] [DOU] Найдено 255 вакансий
2026-06-03 01:18:55 [warn] ✗ Jooble: Request failed with status code 403
2026-06-03 01:18:55 [info] ✓ Work.ua: 10 вакансий
2026-06-03 01:18:55 [info] ✓ Robota.ua: 0 вакансий
2026-06-03 01:18:55 [info] ✓ DOU: 255 вакансий
2026-06-03 01:18:55 [info] ═══════════════════════════════════════════
2026-06-03 01:18:55 [info] Поиск завершён за 8.2с. Итого: 263 уникальных вакансий
2026-06-03 01:18:55 [info]   ✗ Jooble: 0 вакансий (Request failed with status code 403)
2026-06-03 01:18:55 [info]   ✓ Work.ua: 10 вакансий
2026-06-03 01:18:55 [info]   ✓ Robota.ua: 0 вакансий
2026-06-03 01:18:55 [info]   ✓ DOU: 255 вакансий
2026-06-03 01:18:55 [info] ═══════════════════════════════════════════
2026-06-03 01:18:55 [info] Начинаю скоринг 263 вакансий...
2026-06-03 01:18:55 [info] Скоринг завершён. Средний score: 26%, макс: 57%
2026-06-03 01:18:55 [info] Поиск завершён. Отправляю 263 вакансий клиенту.
2026-06-03 01:20:26 [info] ═══════════════════════════════════════════
2026-06-03 01:20:26 [info] 🚀 JobHunter UA Backend запущен
2026-06-03 01:20:26 [info]    Порт: 3001
2026-06-03 01:20:26 [info]    Режим: development
2026-06-03 01:20:26 [info]    Jooble API: ✓ настроен
2026-06-03 01:20:26 [info]    Время: 03.06.2026, 01:20:26
2026-06-03 01:20:26 [info] ═══════════════════════════════════════════
2026-06-03 01:20:28 [info] → POST /api/resume/upload
2026-06-03 01:20:28 [info] Получен файл: CV_Vladyslav_Hryn (3).pdf (129.6 КБ)
2026-06-03 01:20:28 [info] Начинаю парсинг PDF: uploads\resume-1780438828773-1873466.pdf
2026-06-03 01:20:28 [info] Резюме успешно распарсено: 1 страниц(ы), 2801 символов
2026-06-03 01:20:28 [info] Начинаю извлечение данных из текста резюме...
2026-06-03 01:20:28 [info] Извлечено: позиция="Software Engineer", навыков=8, опыт=1 лет, уровень=Junior, город=Київ
2026-06-03 01:20:30 [info] → POST /api/search
2026-06-03 01:20:30 [info] Запуск поиска вакансий...
2026-06-03 01:20:30 [info] ═══════════════════════════════════════════
2026-06-03 01:20:30 [info] Запуск поиска по всем источникам...
2026-06-03 01:20:30 [info] Ключевые слова: "Software Engineer"
2026-06-03 01:20:30 [info] Навыки: Python, C#, HTML, CSS, SQL, SQLite, Git, GitHub
2026-06-03 01:20:30 [info] Город: Київ, Уровень: Intern
2026-06-03 01:20:30 [info] ═══════════════════════════════════════════
2026-06-03 01:20:30 [info] [Jooble] Начинаю поиск: keywords="Software Engineer", location="Київ"
2026-06-03 01:20:30 [info] [Work.ua] Начинаю поиск: keywords="Software Engineer", location="Київ"
2026-06-03 01:20:30 [info] [Work.ua] Запрос: https://www.work.ua/jobs-Software+Engineer+Python+C%23/?page=1
2026-06-03 01:20:30 [info] [Robota.ua] Начинаю поиск: keywords="Software Engineer", location="Київ"
2026-06-03 01:20:30 [info] [DOU] Начинаю поиск: keywords="Software Engineer", location="Київ"
2026-06-03 01:20:30 [info] [DOU] Запрос: https://jobs.dou.ua/vacancies/?search=Software%20Engineer
2026-06-03 01:20:31 [info] [Work.ua] Страница 1: найдено 10 вакансий
2026-06-03 01:20:31 [info] [Work.ua] Парсинг завершен, найдено 10 вакансий
2026-06-03 01:20:31 [info] [Work.ua] Найдено 10 вакансий
2026-06-03 01:20:31 [warn] [Robota.ua] API-эндпоинт недоступен (Request failed with status code 500), переключаюсь на HTML-скрапинг
2026-06-03 01:20:31 [info] [Robota.ua] HTML запрос: https://robota.ua/zapros/Software%20Engineer/ukraine
2026-06-03 01:20:31 [warn] [Robota.ua] HTML-скрапинг не дал результатов. Возможно, структура страницы изменилась.
2026-06-03 01:20:31 [info] [Robota.ua] Парсинг завершен, найдено 0 вакансий
2026-06-03 01:20:31 [info] [Robota.ua] Найдено 0 вакансий
2026-06-03 01:20:31 [info] [Jooble] Запрос к API выполнен (200 OK), страница 1
2026-06-03 01:20:31 [info] [Jooble] Запрос к API выполнен (200 OK), страница 2
2026-06-03 01:20:32 [info] [Jooble] Запрос к API выполнен (200 OK), страница 3
2026-06-03 01:20:32 [info] [Jooble] Найдено 90 вакансий
2026-06-03 01:20:34 [info] [DOU] Запрос: https://jobs.dou.ua/first-job/
2026-06-03 01:20:37 [info] [DOU] Раздел "Первая работа": найдено 217 вакансий
2026-06-03 01:20:37 [info] [DOU] Запрос: https://jobs.dou.ua/vacancies/?category=Python
2026-06-03 01:20:40 [info] [DOU] Парсинг завершен, найдено 255 вакансий
2026-06-03 01:20:40 [info] [DOU] Найдено 255 вакансий
2026-06-03 01:20:40 [info] ✓ Jooble: 90 вакансий
2026-06-03 01:20:40 [info] ✓ Work.ua: 10 вакансий
2026-06-03 01:20:40 [info] ✓ Robota.ua: 0 вакансий
2026-06-03 01:20:40 [info] ✓ DOU: 255 вакансий
2026-06-03 01:20:40 [info] ═══════════════════════════════════════════
2026-06-03 01:20:40 [info] Поиск завершён за 9.6с. Итого: 349 уникальных вакансий
2026-06-03 01:20:40 [info]   ✓ Jooble: 90 вакансий
2026-06-03 01:20:40 [info]   ✓ Work.ua: 10 вакансий
2026-06-03 01:20:40 [info]   ✓ Robota.ua: 0 вакансий
2026-06-03 01:20:40 [info]   ✓ DOU: 255 вакансий
2026-06-03 01:20:40 [info] ═══════════════════════════════════════════
2026-06-03 01:20:40 [info] Начинаю скоринг 349 вакансий...
2026-06-03 01:20:40 [info] Скоринг завершён. Средний score: 27%, макс: 57%
2026-06-03 01:20:40 [info] Поиск завершён. Отправляю 349 вакансий клиенту.
2026-06-03 11:04:04 [info] ═══════════════════════════════════════════
2026-06-03 11:04:04 [info] 🚀 JobHunter UA Backend запущен
2026-06-03 11:04:04 [info]    Порт: 3001
2026-06-03 11:04:04 [info]    Режим: development
2026-06-03 11:04:04 [info]    Jooble API: ✓ настроен
2026-06-03 11:04:04 [info]    Время: 03.06.2026, 11:04:04
2026-06-03 11:04:04 [info] ═══════════════════════════════════════════
2026-06-03 11:04:13 [info] → POST /api/resume/upload
2026-06-03 11:04:13 [info] Получен файл: CV_Vladyslav_Hryn (3).pdf (129.6 КБ)
2026-06-03 11:04:13 [info] Начинаю парсинг PDF: uploads\resume-1780473853897-263847202.pdf
2026-06-03 11:04:14 [info] Резюме успешно распарсено: 1 страниц(ы), 2801 символов
2026-06-03 11:04:14 [info] Начинаю извлечение данных из текста резюме...
2026-06-03 11:04:14 [info] Извлечено: позиция="Software Engineer", навыков=8, опыт=1 лет, уровень=Junior, город=Київ
2026-06-03 11:04:16 [info] → POST /api/search
2026-06-03 11:04:16 [info] Запуск поиска вакансий...
2026-06-03 11:04:16 [info] ═══════════════════════════════════════════
2026-06-03 11:04:16 [info] Запуск поиска по всем источникам...
2026-06-03 11:04:16 [info] Ключевые слова: "Software Engineer"
2026-06-03 11:04:16 [info] Навыки: Python, C#, HTML, CSS, SQL, SQLite, Git, GitHub
2026-06-03 11:04:16 [info] Город: Київ, Уровень: Junior
2026-06-03 11:04:16 [info] ═══════════════════════════════════════════
2026-06-03 11:04:16 [info] [Jooble] Начинаю поиск: keywords="Software Engineer", location="Київ"
2026-06-03 11:04:16 [info] [Work.ua] Начинаю поиск: keywords="Software Engineer", location="Київ"
2026-06-03 11:04:16 [info] [Work.ua] Запрос: https://www.work.ua/jobs-Software+Engineer+Python+C%23/?page=1
2026-06-03 11:04:16 [info] [Robota.ua] Начинаю поиск: keywords="Software Engineer", location="Київ"
2026-06-03 11:04:16 [info] [Robota.ua] API GET https://api.robota.ua/vacancy/search?keyWords=Software+Engineer&Ukrainian=1&cityId=1&page=0
2026-06-03 11:04:16 [info] [DOU] Начинаю поиск: keywords="Software Engineer", location="Київ"
2026-06-03 11:04:16 [info] [DOU] Запрос: https://jobs.dou.ua/vacancies/?search=Software%20Engineer
2026-06-03 11:04:16 [warn] [Robota.ua] API недоступен (Request failed with status code 400), переключаюсь на RSS
2026-06-03 11:04:16 [info] [Robota.ua] RSS GET https://robota.ua/rss/vacancies?keyWords=Software+Engineer&cityId=1
2026-06-03 11:04:16 [warn] [Robota.ua] RSS также пуст
2026-06-03 11:04:16 [info] [Robota.ua] Найдено 0 вакансий
2026-06-03 11:04:16 [info] [Work.ua] Страница 1: найдено 10 вакансий
2026-06-03 11:04:16 [info] [Work.ua] Парсинг завершен, найдено 10 вакансий
2026-06-03 11:04:16 [info] [Work.ua] Найдено 10 вакансий
2026-06-03 11:04:17 [info] [Jooble] Запрос к API выполнен (200 OK), страница 1
2026-06-03 11:04:17 [info] [Jooble] Запрос к API выполнен (200 OK), страница 2
2026-06-03 11:04:17 [info] [Jooble] Запрос к API выполнен (200 OK), страница 3
2026-06-03 11:04:17 [info] [Jooble] Найдено 90 вакансий
2026-06-03 11:04:18 [info] [DOU] Запрос: https://jobs.dou.ua/first-job/
2026-06-03 11:04:21 [info] [DOU] Раздел "Первая работа": найдено 218 вакансий
2026-06-03 11:04:21 [info] [DOU] Запрос: https://jobs.dou.ua/vacancies/?category=Python
2026-06-03 11:04:23 [info] [DOU] Парсинг завершен, найдено 258 вакансий
2026-06-03 11:04:23 [info] [DOU] Найдено 258 вакансий
2026-06-03 11:04:23 [info] ✓ Jooble: 90 вакансий
2026-06-03 11:04:23 [info] ✓ Work.ua: 10 вакансий
2026-06-03 11:04:23 [info] ✓ Robota.ua: 0 вакансий
2026-06-03 11:04:23 [info] ✓ DOU: 258 вакансий
2026-06-03 11:04:23 [info] ═══════════════════════════════════════════
2026-06-03 11:04:23 [info] Поиск завершён за 7.4с. Итого: 354 уникальных вакансий
2026-06-03 11:04:23 [info]   ✓ Jooble: 90 вакансий
2026-06-03 11:04:23 [info]   ✓ Work.ua: 10 вакансий
2026-06-03 11:04:23 [info]   ✓ Robota.ua: 0 вакансий
2026-06-03 11:04:23 [info]   ✓ DOU: 258 вакансий
2026-06-03 11:04:23 [info] ═══════════════════════════════════════════
2026-06-03 11:04:23 [info] Начинаю скоринг 354 вакансий...
2026-06-03 11:04:23 [info] Скоринг завершён. Средний score: 27%, макс: 57%
2026-06-03 11:04:23 [info] Поиск завершён. Отправляю 354 вакансий клиенту.
2026-06-03 11:05:55 [info] ═══════════════════════════════════════════
2026-06-03 11:05:55 [info] 🚀 JobHunter UA Backend запущен
2026-06-03 11:05:55 [info]    Порт: 3001
2026-06-03 11:05:55 [info]    Режим: development
2026-06-03 11:05:55 [info]    Jooble API: ✓ настроен
2026-06-03 11:05:55 [info]    Время: 03.06.2026, 11:05:55
2026-06-03 11:05:55 [info] ═══════════════════════════════════════════
2026-06-03 11:06:39 [info] ═══════════════════════════════════════════
2026-06-03 11:06:39 [info] 🚀 JobHunter UA Backend запущен
2026-06-03 11:06:39 [info]    Порт: 3001
2026-06-03 11:06:39 [info]    Режим: development
2026-06-03 11:06:39 [info]    Jooble API: ✓ настроен
2026-06-03 11:06:39 [info]    Время: 03.06.2026, 11:06:39
2026-06-03 11:06:39 [info] ═══════════════════════════════════════════
2026-06-03 11:06:42 [info] → POST /api/resume/upload
2026-06-03 11:06:42 [info] Получен файл: CV_Vladyslav_Hryn (3).pdf (129.6 КБ)
2026-06-03 11:06:42 [info] Начинаю парсинг PDF: uploads\resume-1780474002813-874438967.pdf
2026-06-03 11:06:43 [info] Резюме успешно распарсено: 1 страниц(ы), 2801 символов
2026-06-03 11:06:43 [info] Начинаю извлечение данных из текста резюме...
2026-06-03 11:06:43 [info] Извлечено: позиция="Software Engineer", навыков=8, опыт=1 лет, уровень=Junior, город=Київ
2026-06-03 11:06:44 [info] → POST /api/search
2026-06-03 11:06:44 [info] Запуск поиска вакансий...
2026-06-03 11:06:44 [info] ═══════════════════════════════════════════
2026-06-03 11:06:44 [info] Запуск поиска по всем источникам...
2026-06-03 11:06:44 [info] Ключевые слова: "Software Engineer"
2026-06-03 11:06:44 [info] Навыки: Python, C#, HTML, CSS, SQL, SQLite, Git, GitHub
2026-06-03 11:06:44 [info] Город: Київ, Уровень: Intern
2026-06-03 11:06:44 [info] ═══════════════════════════════════════════
2026-06-03 11:06:44 [info] [Jooble] Начинаю поиск: keywords="Software Engineer", location="Київ"
2026-06-03 11:06:44 [info] [Work.ua] Начинаю поиск: keywords="Software Engineer", location="Київ"
2026-06-03 11:06:44 [info] [Work.ua] Запрос: https://www.work.ua/jobs-Software+Engineer+Python+C%23/?page=1
2026-06-03 11:06:44 [info] [Robota.ua] Начинаю поиск: keywords="Software Engineer", location="Київ"
2026-06-03 11:06:44 [info] [Robota.ua] API POST https://api.robota.ua/vacancy/search page=0
2026-06-03 11:06:44 [info] [DOU] Начинаю поиск: keywords="Software Engineer", location="Київ"
2026-06-03 11:06:44 [info] [DOU] Запрос: https://jobs.dou.ua/vacancies/?search=Software%20Engineer
2026-06-03 11:06:45 [info] [Robota.ua] Страница 0: 20 вакансий
2026-06-03 11:06:45 [info] [Work.ua] Страница 1: найдено 10 вакансий
2026-06-03 11:06:45 [info] [Work.ua] Парсинг завершен, найдено 10 вакансий
2026-06-03 11:06:45 [info] [Work.ua] Найдено 10 вакансий
2026-06-03 11:06:45 [info] [Jooble] Запрос к API выполнен (200 OK), страница 1
2026-06-03 11:06:45 [info] [Jooble] Запрос к API выполнен (200 OK), страница 2
2026-06-03 11:06:45 [info] [Jooble] Запрос к API выполнен (200 OK), страница 3
2026-06-03 11:06:45 [info] [Jooble] Найдено 90 вакансий
2026-06-03 11:06:47 [info] [Robota.ua] API POST https://api.robota.ua/vacancy/search page=1
2026-06-03 11:06:47 [info] [Robota.ua] Страница 1: 20 вакансий
2026-06-03 11:06:48 [info] [DOU] Запрос: https://jobs.dou.ua/first-job/
2026-06-03 11:06:49 [info] [Robota.ua] API POST https://api.robota.ua/vacancy/search page=2
2026-06-03 11:06:50 [info] [Robota.ua] Страница 2: 20 вакансий
2026-06-03 11:06:50 [info] [Robota.ua] API вернул 60 вакансий
2026-06-03 11:06:50 [info] [Robota.ua] Найдено 60 вакансий
2026-06-03 11:06:51 [info] [DOU] Раздел "Первая работа": найдено 218 вакансий
2026-06-03 11:06:51 [info] [DOU] Запрос: https://jobs.dou.ua/vacancies/?category=Python
2026-06-03 11:06:54 [info] [DOU] Парсинг завершен, найдено 258 вакансий
2026-06-03 11:06:54 [info] [DOU] Найдено 258 вакансий
2026-06-03 11:06:54 [info] ✓ Jooble: 90 вакансий
2026-06-03 11:06:54 [info] ✓ Work.ua: 10 вакансий
2026-06-03 11:06:54 [info] ✓ Robota.ua: 60 вакансий
2026-06-03 11:06:54 [info] ✓ DOU: 258 вакансий
2026-06-03 11:06:54 [info] ═══════════════════════════════════════════
2026-06-03 11:06:54 [info] Поиск завершён за 9.8с. Итого: 414 уникальных вакансий
2026-06-03 11:06:54 [info]   ✓ Jooble: 90 вакансий
2026-06-03 11:06:54 [info]   ✓ Work.ua: 10 вакансий
2026-06-03 11:06:54 [info]   ✓ Robota.ua: 60 вакансий
2026-06-03 11:06:54 [info]   ✓ DOU: 258 вакансий
2026-06-03 11:06:54 [info] ═══════════════════════════════════════════
2026-06-03 11:06:54 [info] Начинаю скоринг 414 вакансий...
2026-06-03 11:06:54 [info] Скоринг завершён. Средний score: 27%, макс: 57%
2026-06-03 11:06:54 [info] Поиск завершён. Отправляю 414 вакансий клиенту.
2026-06-03 11:09:34 [info] ═══════════════════════════════════════════
2026-06-03 11:09:34 [info] 🚀 JobHunter UA Backend запущен
2026-06-03 11:09:34 [info]    Порт: 3001
2026-06-03 11:09:34 [info]    Режим: development
2026-06-03 11:09:34 [info]    Jooble API: ✓ настроен
2026-06-03 11:09:34 [info]    Время: 03.06.2026, 11:09:34
2026-06-03 11:09:34 [info] ═══════════════════════════════════════════
2026-06-03 11:11:06 [info] ═══════════════════════════════════════════
2026-06-03 11:11:06 [info] 🚀 JobHunter UA Backend запущен
2026-06-03 11:11:06 [info]    Порт: 3001
2026-06-03 11:11:06 [info]    Режим: development
2026-06-03 11:11:06 [info]    Jooble API: ✓ настроен
2026-06-03 11:11:06 [info]    Время: 03.06.2026, 11:11:06
2026-06-03 11:11:06 [info] ═══════════════════════════════════════════
2026-06-03 11:13:01 [info] ═══════════════════════════════════════════
2026-06-03 11:13:01 [info] 🚀 JobHunter UA Backend запущен
2026-06-03 11:13:01 [info]    Порт: 3001
2026-06-03 11:13:01 [info]    Режим: development
2026-06-03 11:13:01 [info]    Jooble API: ✓ настроен
2026-06-03 11:13:01 [info]    Время: 03.06.2026, 11:13:01
2026-06-03 11:13:01 [info] ═══════════════════════════════════════════
2026-06-03 11:13:09 [info] → POST /api/resume/upload
2026-06-03 11:13:09 [info] Получен файл: CV Voronov_Fedir.pdf (110.3 КБ)
2026-06-03 11:13:09 [info] Начинаю парсинг PDF: uploads\resume-1780474389507-175065928.pdf
2026-06-03 11:13:09 [info] Резюме успешно распарсено: 1 страниц(ы), 749 символов
2026-06-03 11:13:09 [info] Начинаю извлечение данных из текста резюме...
2026-06-03 11:13:09 [info] Извлечено: позиция="", навыков=0, опыт=4 лет, уровень=Junior, город=Київ
2026-06-03 11:13:14 [info] → POST /api/resume/upload
2026-06-03 11:13:14 [info] Получен файл: CV_Vladyslav_Hryn (3).pdf (129.6 КБ)
2026-06-03 11:13:14 [info] Начинаю парсинг PDF: uploads\resume-1780474394673-300718200.pdf
2026-06-03 11:13:14 [info] Резюме успешно распарсено: 1 страниц(ы), 2801 символов
2026-06-03 11:13:14 [info] Начинаю извлечение данных из текста резюме...
2026-06-03 11:13:14 [info] Извлечено: позиция="Software Engineer", навыков=8, опыт=1 лет, уровень=Junior, город=Київ
2026-06-03 11:13:16 [info] → POST /api/search
2026-06-03 11:13:16 [info] Запуск поиска вакансий...
2026-06-03 11:13:16 [info] ═══════════════════════════════════════════
2026-06-03 11:13:16 [info] Запуск поиска по всем источникам...
2026-06-03 11:13:16 [info] Ключевые слова: "Software Engineer"
2026-06-03 11:13:16 [info] Навыки: Python, C#, HTML, CSS, SQL, SQLite, Git, GitHub
2026-06-03 11:13:16 [info] Город: Київ, Уровень: Intern
2026-06-03 11:13:16 [info] ═══════════════════════════════════════════
2026-06-03 11:13:16 [info] [Jooble] Начинаю поиск: keywords="Software Engineer", location="Київ"
2026-06-03 11:13:16 [info] [Work.ua] Начинаю поиск: keywords="Software Engineer", location="Київ"
2026-06-03 11:13:16 [info] [Work.ua] Запрос: https://www.work.ua/jobs-Software+Engineer+Python+C%23/?page=1
2026-06-03 11:13:16 [info] [Robota.ua] Начинаю поиск: keywords="Software Engineer", location="Київ"
2026-06-03 11:13:16 [info] [Robota.ua] API POST https://api.robota.ua/vacancy/search page=0
2026-06-03 11:13:16 [info] [DOU] Начинаю поиск: keywords="Software Engineer", location="Київ"
2026-06-03 11:13:16 [info] [DOU] Запрос: https://jobs.dou.ua/vacancies/?search=Software%20Engineer
2026-06-03 11:13:16 [info] [Robota.ua] Страница 0: 20 вакансий
2026-06-03 11:13:17 [info] [Work.ua] Страница 1: найдено 10 вакансий
2026-06-03 11:13:17 [info] [Work.ua] Парсинг завершен, найдено 10 вакансий
2026-06-03 11:13:17 [info] [Work.ua] Найдено 10 вакансий
2026-06-03 11:13:17 [info] [Jooble] Запрос к API выполнен (200 OK), страница 1
2026-06-03 11:13:17 [info] [Jooble] Запрос к API выполнен (200 OK), страница 2
2026-06-03 11:13:17 [info] [Jooble] Запрос к API выполнен (200 OK), страница 3
2026-06-03 11:13:17 [info] [Jooble] Найдено 90 вакансий
2026-06-03 11:13:19 [info] [Robota.ua] API POST https://api.robota.ua/vacancy/search page=1
2026-06-03 11:13:19 [info] [DOU] Запрос: https://jobs.dou.ua/first-job/
2026-06-03 11:13:19 [info] [Robota.ua] Страница 1: 20 вакансий
2026-06-03 11:13:22 [info] [Robota.ua] API POST https://api.robota.ua/vacancy/search page=2
2026-06-03 11:13:22 [info] [Robota.ua] Страница 2: 20 вакансий
2026-06-03 11:13:22 [info] [Robota.ua] API вернул 60 вакансий
2026-06-03 11:13:22 [info] [Robota.ua] Найдено 60 вакансий
2026-06-03 11:13:22 [info] [DOU] Раздел "Первая работа": найдено 218 вакансий
2026-06-03 11:13:22 [info] [DOU] Запрос: https://jobs.dou.ua/vacancies/?category=Python
2026-06-03 11:13:25 [info] [DOU] Парсинг завершен, найдено 258 вакансий
2026-06-03 11:13:25 [info] [DOU] Найдено 258 вакансий
2026-06-03 11:13:25 [info] ✓ Jooble: 90 вакансий
2026-06-03 11:13:25 [info] ✓ Work.ua: 10 вакансий
2026-06-03 11:13:25 [info] ✓ Robota.ua: 60 вакансий
2026-06-03 11:13:25 [info] ✓ DOU: 258 вакансий
2026-06-03 11:13:25 [info] ═══════════════════════════════════════════
2026-06-03 11:13:25 [info] Поиск завершён за 8.9с. Итого: 414 уникальных вакансий
2026-06-03 11:13:25 [info]   ✓ Jooble: 90 вакансий
2026-06-03 11:13:25 [info]   ✓ Work.ua: 10 вакансий
2026-06-03 11:13:25 [info]   ✓ Robota.ua: 60 вакансий
2026-06-03 11:13:25 [info]   ✓ DOU: 258 вакансий
2026-06-03 11:13:25 [info] ═══════════════════════════════════════════
2026-06-03 11:13:25 [info] Начинаю скоринг 414 вакансий...
2026-06-03 11:13:25 [info] Скоринг завершён. Средний score: 29%, макс: 57%
2026-06-03 11:13:25 [info] Поиск завершён. Отправляю 362 вакансий клиенту.
2026-06-03 11:14:55 [info] ═══════════════════════════════════════════
2026-06-03 11:14:55 [info] 🚀 JobHunter UA Backend запущен
2026-06-03 11:14:55 [info]    Порт: 3001
2026-06-03 11:14:55 [info]    Режим: development
2026-06-03 11:14:55 [info]    Jooble API: ✓ настроен
2026-06-03 11:14:55 [info]    Время: 03.06.2026, 11:14:55
2026-06-03 11:14:55 [info] ═══════════════════════════════════════════
2026-06-03 11:16:42 [info] ═══════════════════════════════════════════
2026-06-03 11:16:42 [info] 🚀 JobHunter UA Backend запущен
2026-06-03 11:16:42 [info]    Порт: 3001
2026-06-03 11:16:42 [info]    Режим: development
2026-06-03 11:16:42 [info]    Jooble API: ✓ настроен
2026-06-03 11:16:42 [info]    Время: 03.06.2026, 11:16:42
2026-06-03 11:16:42 [info] ═══════════════════════════════════════════
2026-06-03 11:17:30 [info] ═══════════════════════════════════════════
2026-06-03 11:17:30 [info] 🚀 JobHunter UA Backend запущен
2026-06-03 11:17:30 [info]    Порт: 3001
2026-06-03 11:17:30 [info]    Режим: development
2026-06-03 11:17:30 [info]    Jooble API: ✓ настроен
2026-06-03 11:17:31 [info]    Время: 03.06.2026, 11:17:30
2026-06-03 11:17:31 [info] ═══════════════════════════════════════════
2026-06-03 11:17:34 [info] → POST /api/resume/upload
2026-06-03 11:17:34 [info] Получен файл: CV_Vladyslav_Hryn (3).pdf (129.6 КБ)
2026-06-03 11:17:34 [info] Начинаю парсинг PDF: uploads\resume-1780474654828-362436254.pdf
2026-06-03 11:17:35 [info] Резюме успешно распарсено: 1 страниц(ы), 2801 символов
2026-06-03 11:17:35 [info] Начинаю извлечение данных из текста резюме...
2026-06-03 11:17:35 [info] Извлечено: позиция="Software Engineer", навыков=8, опыт=1 лет, уровень=Junior, город=Київ
2026-06-03 11:17:36 [info] → POST /api/search
2026-06-03 11:17:36 [info] Запуск поиска вакансий...
2026-06-03 11:17:36 [info] ═══════════════════════════════════════════
2026-06-03 11:17:36 [info] Запуск поиска по всем источникам...
2026-06-03 11:17:36 [info] Ключевые слова: "Software Engineer"
2026-06-03 11:17:36 [info] Навыки: Python, C#, HTML, CSS, SQL, SQLite, Git, GitHub
2026-06-03 11:17:36 [info] Город: Київ, Уровень: Intern
2026-06-03 11:17:36 [info] ═══════════════════════════════════════════
2026-06-03 11:17:36 [info] [Jooble] Начинаю поиск: keywords="Software Engineer", location="Київ"
2026-06-03 11:17:36 [info] [Work.ua] Начинаю поиск: keywords="Software Engineer", location="Київ"
2026-06-03 11:17:36 [info] [Work.ua] Запрос: https://www.work.ua/jobs-Software+Engineer+Python+C%23/?page=1
2026-06-03 11:17:36 [info] [Robota.ua] Начинаю поиск: keywords="Software Engineer", location="Київ"
2026-06-03 11:17:36 [info] [Robota.ua] API POST https://api.robota.ua/vacancy/search page=0
2026-06-03 11:17:36 [info] [DOU] Начинаю поиск: keywords="Software Engineer", location="Київ"
2026-06-03 11:17:36 [info] [DOU] Запрос: https://jobs.dou.ua/vacancies/?search=Software%20Engineer
2026-06-03 11:17:36 [info] [Work.ua] Страница 1: найдено 10 вакансий
2026-06-03 11:17:36 [info] [Work.ua] Парсинг завершен, найдено 10 вакансий
2026-06-03 11:17:36 [info] [Work.ua] Найдено 10 вакансий
2026-06-03 11:17:36 [info] [Robota.ua] Страница 0: 20 вакансий
2026-06-03 11:17:36 [info] [Jooble] Запрос к API выполнен (200 OK), страница 1
2026-06-03 11:17:37 [info] [Jooble] Запрос к API выполнен (200 OK), страница 2
2026-06-03 11:17:37 [info] [Jooble] Запрос к API выполнен (200 OK), страница 3
2026-06-03 11:17:37 [info] [Jooble] Найдено 90 вакансий
2026-06-03 11:17:39 [info] [Robota.ua] API POST https://api.robota.ua/vacancy/search page=1
2026-06-03 11:17:39 [info] [Robota.ua] Страница 1: 20 вакансий
2026-06-03 11:17:39 [info] [DOU] Запрос: https://jobs.dou.ua/first-job/
2026-06-03 11:17:41 [info] [Robota.ua] API POST https://api.robota.ua/vacancy/search page=2
2026-06-03 11:17:41 [info] [DOU] Раздел "Первая работа": найдено 218 вакансий
2026-06-03 11:17:41 [info] [DOU] Запрос: https://jobs.dou.ua/vacancies/?category=Python
2026-06-03 11:17:42 [info] [Robota.ua] Страница 2: 20 вакансий
2026-06-03 11:17:42 [info] [Robota.ua] API вернул 60 вакансий
2026-06-03 11:17:42 [info] [Robota.ua] Найдено 60 вакансий
2026-06-03 11:17:45 [info] [DOU] Парсинг завершен, найдено 258 вакансий
2026-06-03 11:17:45 [info] [DOU] Найдено 258 вакансий
2026-06-03 11:17:45 [info] ✓ Jooble: 90 вакансий
2026-06-03 11:17:45 [info] ✓ Work.ua: 10 вакансий
2026-06-03 11:17:45 [info] ✓ Robota.ua: 60 вакансий
2026-06-03 11:17:45 [info] ✓ DOU: 258 вакансий
2026-06-03 11:17:45 [info] ═══════════════════════════════════════════
2026-06-03 11:17:45 [info] Поиск завершён за 9.0с. Итого: 414 уникальных вакансий
2026-06-03 11:17:45 [info]   ✓ Jooble: 90 вакансий
2026-06-03 11:17:45 [info]   ✓ Work.ua: 10 вакансий
2026-06-03 11:17:45 [info]   ✓ Robota.ua: 60 вакансий
2026-06-03 11:17:45 [info]   ✓ DOU: 258 вакансий
2026-06-03 11:17:45 [info] ═══════════════════════════════════════════
2026-06-03 11:17:45 [info] Начинаю скоринг 414 вакансий...
2026-06-03 11:17:45 [info] Скоринг завершён. Средний score: 29%, макс: 57%
2026-06-03 11:17:45 [info] Поиск завершён. Отправляю 362 вакансий клиенту.
2026-06-03 11:20:04 [info] ═══════════════════════════════════════════
2026-06-03 11:20:04 [info] 🚀 JobHunter UA Backend запущен
2026-06-03 11:20:04 [info]    Порт: 3001
2026-06-03 11:20:04 [info]    Режим: development
2026-06-03 11:20:04 [info]    Jooble API: ✓ настроен
2026-06-03 11:20:04 [info]    Время: 03.06.2026, 11:20:04
2026-06-03 11:20:04 [info] ═══════════════════════════════════════════
2026-06-03 11:23:53 [info] ═══════════════════════════════════════════
2026-06-03 11:23:53 [info] 🚀 JobHunter UA Backend запущен
2026-06-03 11:23:53 [info]    Порт: 3001
2026-06-03 11:23:53 [info]    Режим: development
2026-06-03 11:23:53 [info]    Jooble API: ✓ настроен
2026-06-03 11:23:53 [info]    Время: 03.06.2026, 11:23:53
2026-06-03 11:23:53 [info] ═══════════════════════════════════════════
2026-06-03 11:23:56 [info] → POST /api/resume/upload
2026-06-03 11:23:56 [info] Получен файл: CV_Vladyslav_Hryn (3).pdf (129.6 КБ)
2026-06-03 11:23:56 [info] Начинаю парсинг PDF: uploads\resume-1780475036584-752810838.pdf
2026-06-03 11:23:56 [info] Резюме успешно распарсено: 1 страниц(ы), 2801 символов
2026-06-03 11:23:56 [info] Начинаю извлечение данных из текста резюме...
2026-06-03 11:23:56 [info] Извлечено: позиция="Software Engineer", навыков=8, опыт=1 лет, уровень=Junior, город=Київ
2026-06-03 11:23:58 [info] → POST /api/search
2026-06-03 11:23:58 [info] Запуск поиска вакансий...
2026-06-03 11:23:58 [info] ═══════════════════════════════════════════
2026-06-03 11:23:58 [info] Запуск поиска по всем источникам...
2026-06-03 11:23:58 [info] Ключевые слова: "Software Engineer"
2026-06-03 11:23:58 [info] Навыки: Python, C#, HTML, CSS, SQL, SQLite, Git, GitHub
2026-06-03 11:23:58 [info] Город: Київ, Уровень: Intern
2026-06-03 11:23:58 [info] ═══════════════════════════════════════════
2026-06-03 11:23:58 [info] [Jooble] Начинаю поиск: keywords="Software Engineer", location="Київ"
2026-06-03 11:23:58 [info] [Work.ua] Начинаю поиск: keywords="Software Engineer", location="Київ"
2026-06-03 11:23:58 [info] [Work.ua] Запрос: https://www.work.ua/jobs-Software+Engineer+Python+C%23/?page=1
2026-06-03 11:23:58 [info] [Robota.ua] Начинаю поиск: keywords="Software Engineer", location="Київ"
2026-06-03 11:23:58 [info] [Robota.ua] API POST https://api.robota.ua/vacancy/search page=0
2026-06-03 11:23:58 [info] [DOU] Начинаю поиск: keywords="Software Engineer", location="Київ"
2026-06-03 11:23:58 [info] [DOU] Запрос: https://jobs.dou.ua/vacancies/?search=Software%20Engineer
2026-06-03 11:23:59 [info] [Robota.ua] Страница 0: 20 вакансий
2026-06-03 11:23:59 [info] [Work.ua] Страница 1: найдено 10 вакансий
2026-06-03 11:23:59 [info] [Work.ua] Парсинг завершен, найдено 10 вакансий
2026-06-03 11:23:59 [info] [Work.ua] Найдено 10 вакансий
2026-06-03 11:23:59 [info] [Jooble] Запрос к API выполнен (200 OK), страница 1
2026-06-03 11:24:00 [info] [Jooble] Запрос к API выполнен (200 OK), страница 2
2026-06-03 11:24:00 [info] [DOU] Запрос: https://jobs.dou.ua/first-job/
2026-06-03 11:24:00 [info] [Jooble] Запрос к API выполнен (200 OK), страница 3
2026-06-03 11:24:00 [info] [Jooble] Найдено 90 вакансий
2026-06-03 11:24:01 [info] [Robota.ua] API POST https://api.robota.ua/vacancy/search page=1
2026-06-03 11:24:01 [info] [Robota.ua] Страница 1: 20 вакансий
2026-06-03 11:24:04 [info] [DOU] Раздел "Первая работа": найдено 218 вакансий
2026-06-03 11:24:04 [info] [DOU] Запрос: https://jobs.dou.ua/vacancies/?category=Python
2026-06-03 11:24:04 [info] [Robota.ua] API POST https://api.robota.ua/vacancy/search page=2
2026-06-03 11:24:04 [info] [Robota.ua] Страница 2: 20 вакансий
2026-06-03 11:24:04 [info] [Robota.ua] API вернул 60 вакансий
2026-06-03 11:24:04 [info] [Robota.ua] Найдено 60 вакансий
2026-06-03 11:24:06 [info] [DOU] Парсинг завершен, найдено 258 вакансий
2026-06-03 11:24:06 [info] [DOU] Найдено 258 вакансий
2026-06-03 11:24:06 [info] ✓ Jooble: 90 вакансий
2026-06-03 11:24:06 [info] ✓ Work.ua: 10 вакансий
2026-06-03 11:24:06 [info] ✓ Robota.ua: 60 вакансий
2026-06-03 11:24:06 [info] ✓ DOU: 258 вакансий
2026-06-03 11:24:06 [info] ═══════════════════════════════════════════
2026-06-03 11:24:06 [info] Поиск завершён за 7.9с. Итого: 414 уникальных вакансий
2026-06-03 11:24:06 [info]   ✓ Jooble: 90 вакансий
2026-06-03 11:24:06 [info]   ✓ Work.ua: 10 вакансий
2026-06-03 11:24:06 [info]   ✓ Robota.ua: 60 вакансий
2026-06-03 11:24:06 [info]   ✓ DOU: 258 вакансий
2026-06-03 11:24:06 [info] ═══════════════════════════════════════════
2026-06-03 11:24:06 [info] Начинаю скоринг 414 вакансий...
2026-06-03 11:24:06 [info] Скоринг завершён. Средний score: 29%, макс: 57%
2026-06-03 11:24:06 [info] Поиск завершён. Отправляю 363 вакансий клиенту.
2026-06-03 11:27:07 [info] ═══════════════════════════════════════════
2026-06-03 11:27:07 [info] 🚀 JobHunter UA Backend запущен
2026-06-03 11:27:07 [info]    Порт: 3001
2026-06-03 11:27:07 [info]    Режим: development
2026-06-03 11:27:07 [info]    Jooble API: ✓ настроен
2026-06-03 11:27:08 [info]    Время: 03.06.2026, 11:27:07
2026-06-03 11:27:08 [info] ═══════════════════════════════════════════
2026-06-03 11:27:26 [info] ═══════════════════════════════════════════
2026-06-03 11:27:26 [info] 🚀 JobHunter UA Backend запущен
2026-06-03 11:27:26 [info]    Порт: 3001
2026-06-03 11:27:26 [info]    Режим: development
2026-06-03 11:27:26 [info]    Jooble API: ✓ настроен
2026-06-03 11:27:26 [info]    Время: 03.06.2026, 11:27:26
2026-06-03 11:27:26 [info] ═══════════════════════════════════════════
2026-06-03 11:34:12 [info] ═══════════════════════════════════════════
2026-06-03 11:34:12 [info] 🚀 JobHunter UA Backend запущен
2026-06-03 11:34:12 [info]    Порт: 3001
2026-06-03 11:34:12 [info]    Режим: development
2026-06-03 11:34:12 [info]    Jooble API: ✓ настроен
2026-06-03 11:34:12 [info]    Время: 03.06.2026, 11:34:12
2026-06-03 11:34:12 [info] ═══════════════════════════════════════════
2026-06-03 11:34:17 [info] → POST /api/resume/upload
2026-06-03 11:34:17 [info] Получен файл: CV_Vladyslav_Hryn (3).pdf (129.6 КБ)
2026-06-03 11:34:17 [info] Начинаю парсинг PDF: uploads\resume-1780475657054-942471156.pdf
2026-06-03 11:34:17 [info] Резюме успешно распарсено: 1 страниц(ы), 2801 символов
2026-06-03 11:34:17 [info] Начинаю извлечение данных из текста резюме...
2026-06-03 11:34:17 [info] Извлечено: позиция="Software Engineer", навыков=8, опыт=1 лет, уровень=Junior, город=Київ
2026-06-03 11:34:18 [info] → POST /api/search
2026-06-03 11:34:18 [info] Запуск поиска вакансий...
2026-06-03 11:34:18 [info] ═══════════════════════════════════════════
2026-06-03 11:34:18 [info] Запуск поиска по всем источникам...
2026-06-03 11:34:18 [info] Ключевые слова: "Software Engineer"
2026-06-03 11:34:18 [info] Навыки: Python, C#, HTML, CSS, SQL, SQLite, Git, GitHub
2026-06-03 11:34:18 [info] Город: Київ, Уровень: Intern
2026-06-03 11:34:18 [info] ═══════════════════════════════════════════
2026-06-03 11:34:18 [info] [Jooble] Начинаю поиск: keywords="Software Engineer", location="Київ"
2026-06-03 11:34:18 [info] [Work.ua] Начинаю поиск: keywords="Software Engineer", location="Київ"
2026-06-03 11:34:18 [info] [Work.ua] Запрос: https://www.work.ua/jobs-Software+Engineer+Python+C%23/?page=1
2026-06-03 11:34:18 [info] [Robota.ua] Начинаю поиск: keywords="Software Engineer", location="Київ"
2026-06-03 11:34:18 [info] [Robota.ua] API POST https://api.robota.ua/vacancy/search page=0
2026-06-03 11:34:18 [info] [DOU] Начинаю поиск: keywords="Software Engineer", location="Київ"
2026-06-03 11:34:18 [info] [DOU] Запрос: https://jobs.dou.ua/vacancies/?search=Software%20Engineer
2026-06-03 11:34:19 [info] [Robota.ua] Страница 0: 20 вакансий
2026-06-03 11:34:19 [info] [Work.ua] Страница 1: найдено 10 вакансий
2026-06-03 11:34:19 [info] [Work.ua] Загрузка полных описаний для 10 вакансий...
2026-06-03 11:34:19 [info] [Jooble] Запрос к API выполнен (200 OK), страница 1
2026-06-03 11:34:20 [info] [Jooble] Запрос к API выполнен (200 OK), страница 2
2026-06-03 11:34:20 [info] [Work.ua] Парсинг завершен, найдено 10 вакансий
2026-06-03 11:34:20 [info] [Work.ua] Найдено 10 вакансий
2026-06-03 11:34:20 [info] [Jooble] Запрос к API выполнен (200 OK), страница 3
2026-06-03 11:34:20 [info] [Jooble] Найдено 90 вакансий
2026-06-03 11:34:21 [info] [Robota.ua] API POST https://api.robota.ua/vacancy/search page=1
2026-06-03 11:34:21 [info] [Robota.ua] Страница 1: 20 вакансий
2026-06-03 11:34:22 [info] [DOU] Запрос: https://jobs.dou.ua/first-job/
2026-06-03 11:34:23 [info] [Robota.ua] API POST https://api.robota.ua/vacancy/search page=2
2026-06-03 11:34:23 [info] [Robota.ua] Страница 2: 20 вакансий
2026-06-03 11:34:23 [info] [Robota.ua] API вернул 60 вакансий
2026-06-03 11:34:23 [info] [Robota.ua] Найдено 60 вакансий
2026-06-03 11:34:25 [info] [DOU] Раздел "Первая работа": найдено 218 вакансий
2026-06-03 11:34:25 [info] [DOU] Запрос: https://jobs.dou.ua/vacancies/?category=Python
2026-06-03 11:34:28 [info] [DOU] Загрузка полных описаний для 258 вакансий...
2026-06-03 11:34:57 [info] [DOU] Парсинг завершен, найдено 258 вакансий
2026-06-03 11:34:57 [info] [DOU] Найдено 258 вакансий
2026-06-03 11:34:57 [info] ✓ Jooble: 90 вакансий
2026-06-03 11:34:57 [info] ✓ Work.ua: 10 вакансий
2026-06-03 11:34:57 [info] ✓ Robota.ua: 60 вакансий
2026-06-03 11:34:57 [info] ✓ DOU: 258 вакансий
2026-06-03 11:34:57 [info] ═══════════════════════════════════════════
2026-06-03 11:34:57 [info] Поиск завершён за 38.4с. Итого: 414 уникальных вакансий
2026-06-03 11:34:57 [info]   ✓ Jooble: 90 вакансий
2026-06-03 11:34:57 [info]   ✓ Work.ua: 10 вакансий
2026-06-03 11:34:57 [info]   ✓ Robota.ua: 60 вакансий
2026-06-03 11:34:57 [info]   ✓ DOU: 258 вакансий
2026-06-03 11:34:57 [info] ═══════════════════════════════════════════
2026-06-03 11:34:57 [info] Начинаю скоринг 414 вакансий...
2026-06-03 11:34:57 [info] Скоринг завершён. Средний score: 29%, макс: 68%
2026-06-03 11:34:57 [info] Поиск завершён. Отправляю 328 вакансий клиенту.
2026-06-03 11:36:51 [info] ═══════════════════════════════════════════
2026-06-03 11:36:51 [info] 🚀 JobHunter UA Backend запущен
2026-06-03 11:36:51 [info]    Порт: 3001
2026-06-03 11:36:51 [info]    Режим: development
2026-06-03 11:36:51 [info]    Jooble API: ✓ настроен
2026-06-03 11:36:51 [info]    Время: 03.06.2026, 11:36:51
2026-06-03 11:36:51 [info] ═══════════════════════════════════════════
2026-06-03 11:37:17 [info] ═══════════════════════════════════════════
2026-06-03 11:37:17 [info] 🚀 JobHunter UA Backend запущен
2026-06-03 11:37:17 [info]    Порт: 3001
2026-06-03 11:37:17 [info]    Режим: development
2026-06-03 11:37:17 [info]    Jooble API: ✓ настроен
2026-06-03 11:37:17 [info]    Время: 03.06.2026, 11:37:17
2026-06-03 11:37:17 [info] ═══════════════════════════════════════════
2026-06-03 11:37:20 [info] → POST /api/resume/upload
2026-06-03 11:37:20 [info] Получен файл: CV_Vladyslav_Hryn (3).pdf (129.6 КБ)
2026-06-03 11:37:20 [info] Начинаю парсинг PDF: uploads\resume-1780475840807-967210997.pdf
2026-06-03 11:37:21 [info] Резюме успешно распарсено: 1 страниц(ы), 2801 символов
2026-06-03 11:37:21 [info] Начинаю извлечение данных из текста резюме...
2026-06-03 11:37:21 [info] Извлечено: позиция="Software Engineer", навыков=8, опыт=1 лет, уровень=Junior, город=Київ
2026-06-03 11:37:22 [info] → POST /api/search
2026-06-03 11:37:22 [info] Запуск поиска вакансий...
2026-06-03 11:37:22 [info] ═══════════════════════════════════════════
2026-06-03 11:37:22 [info] Запуск поиска по всем источникам...
2026-06-03 11:37:22 [info] Ключевые слова: "Software Engineer"
2026-06-03 11:37:22 [info] Навыки: Python, C#, HTML, CSS, SQL, SQLite, Git, GitHub
2026-06-03 11:37:22 [info] Город: Київ, Уровень: Intern
2026-06-03 11:37:22 [info] ═══════════════════════════════════════════
2026-06-03 11:37:22 [info] [Jooble] Начинаю поиск: keywords="Software Engineer", location="Київ"
2026-06-03 11:37:22 [info] [Work.ua] Начинаю поиск: keywords="Software Engineer", location="Київ"
2026-06-03 11:37:22 [info] [Work.ua] Запрос: https://www.work.ua/jobs-Software+Engineer+Python+C%23/?page=1
2026-06-03 11:37:22 [info] [Robota.ua] Начинаю поиск: keywords="Software Engineer", location="Київ"
2026-06-03 11:37:22 [info] [Robota.ua] API POST https://api.robota.ua/vacancy/search page=0
2026-06-03 11:37:22 [info] [DOU] Начинаю поиск: keywords="Software Engineer", location="Київ"
2026-06-03 11:37:22 [info] [DOU] Запрос: https://jobs.dou.ua/vacancies/?search=Software%20Engineer
2026-06-03 11:37:22 [info] [Robota.ua] Страница 0: 20 вакансий
2026-06-03 11:37:23 [info] [Work.ua] Страница 1: найдено 10 вакансий
2026-06-03 11:37:23 [info] [Work.ua] Загрузка полных описаний для 10 вакансий...
2026-06-03 11:37:23 [info] [Jooble] Запрос к API выполнен (200 OK), страница 1
2026-06-03 11:37:23 [info] [Jooble] Запрос к API выполнен (200 OK), страница 2
2026-06-03 11:37:23 [info] [Jooble] Запрос к API выполнен (200 OK), страница 3
2026-06-03 11:37:23 [info] [Jooble] Загрузка полных описаний для 90 вакансий...
2026-06-03 11:37:23 [warn] [Jooble] Не удалось загрузить полное описание для https://ua.jooble.org/jdp/-1837298396339207514: Request failed with status code 403
2026-06-03 11:37:23 [warn] [Jooble] Не удалось загрузить полное описание для https://ua.jooble.org/jdp/-1897480377706838070: Request failed with status code 403
2026-06-03 11:37:23 [warn] [Jooble] Не удалось загрузить полное описание для https://ua.jooble.org/jdp/2799087060323628358: Request failed with status code 403
2026-06-03 11:37:23 [warn] [Jooble] Не удалось загрузить полное описание для https://ua.jooble.org/jdp/-8314694572234696316: Request failed with status code 403
2026-06-03 11:37:23 [warn] [Jooble] Не удалось загрузить полное описание для https://ua.jooble.org/jdp/14547518252254096: Request failed with status code 403
2026-06-03 11:37:24 [warn] [Jooble] Не удалось загрузить полное описание для https://ua.jooble.org/jdp/90312324878394815: Request failed with status code 403
2026-06-03 11:37:24 [warn] [Jooble] Не удалось загрузить полное описание для https://ua.jooble.org/jdp/-4797813642268418774: Request failed with status code 403
2026-06-03 11:37:24 [warn] [Jooble] Не удалось загрузить полное описание для https://ua.jooble.org/jdp/7761960870930219275: Request failed with status code 403
2026-06-03 11:37:24 [info] [Work.ua] Парсинг завершен, найдено 10 вакансий
2026-06-03 11:37:24 [info] [Work.ua] Найдено 10 вакансий
2026-06-03 11:37:24 [warn] [Jooble] Не удалось загрузить полное описание для https://ua.jooble.org/jdp/-5387732521453039458: Request failed with status code 403
2026-06-03 11:37:24 [warn] [Jooble] Не удалось загрузить полное описание для https://ua.jooble.org/jdp/5384035512823078715: Request failed with status code 403
2026-06-03 11:37:24 [warn] [Jooble] Не удалось загрузить полное описание для https://ua.jooble.org/jdp/2264152365886968778: Request failed with status code 403
2026-06-03 11:37:24 [warn] [Jooble] Не удалось загрузить полное описание для https://ua.jooble.org/jdp/4524953056541144038: Request failed with status code 403
2026-06-03 11:37:24 [warn] [Jooble] Не удалось загрузить полное описание для https://ua.jooble.org/jdp/-678328359507090840: Request failed with status code 403
2026-06-03 11:37:24 [warn] [Jooble] Не удалось загрузить полное описание для https://ua.jooble.org/jdp/-1028066558375442197: Request failed with status code 403
2026-06-03 11:37:24 [warn] [Jooble] Не удалось загрузить полное описание для https://ua.jooble.org/jdp/-2207985967983723191: Request failed with status code 403
2026-06-03 11:37:25 [warn] [Jooble] Не удалось загрузить полное описание для https://ua.jooble.org/jdp/3535994523340769553: Request failed with status code 403
2026-06-03 11:37:25 [warn] [Jooble] Не удалось загрузить полное описание для https://ua.jooble.org/jdp/-898146633296936499: Request failed with status code 403
2026-06-03 11:37:25 [warn] [Jooble] Не удалось загрузить полное описание для https://ua.jooble.org/jdp/5640823735707849756: Request failed with status code 403
2026-06-03 11:37:25 [warn] [Jooble] Не удалось загрузить полное описание для https://ua.jooble.org/jdp/-2522691346738660210: Request failed with status code 403
2026-06-03 11:37:25 [warn] [Jooble] Не удалось загрузить полное описание для https://ua.jooble.org/jdp/6509411752211191431: Request failed with status code 403
2026-06-03 11:37:25 [info] [Robota.ua] API POST https://api.robota.ua/vacancy/search page=1
2026-06-03 11:37:25 [warn] [Jooble] Не удалось загрузить полное описание для https://ua.jooble.org/jdp/-2999497148002942977: Request failed with status code 403
2026-06-03 11:37:25 [warn] [Jooble] Не удалось загрузить полное описание для https://ua.jooble.org/jdp/5131262690967151172: Request failed with status code 403
2026-06-03 11:37:25 [warn] [Jooble] Не удалось загрузить полное описание для https://ua.jooble.org/jdp/3916219230438524197: Request failed with status code 403
2026-06-03 11:37:25 [warn] [Jooble] Не удалось загрузить полное описание для https://ua.jooble.org/jdp/-3685110512263126414: Request failed with status code 403
2026-06-03 11:37:25 [warn] [Jooble] Не удалось загрузить полное описание для https://ua.jooble.org/jdp/-2181772629526755776: Request failed with status code 403
2026-06-03 11:37:25 [info] [Robota.ua] Страница 1: 20 вакансий
2026-06-03 11:37:25 [info] [DOU] Запрос: https://jobs.dou.ua/first-job/
2026-06-03 11:37:25 [warn] [Jooble] Не удалось загрузить полное описание для https://ua.jooble.org/jdp/8638423261327290873: Request failed with status code 403
2026-06-03 11:37:25 [warn] [Jooble] Не удалось загрузить полное описание для https://ua.jooble.org/jdp/2498487452024438910: Request failed with status code 403
2026-06-03 11:37:25 [warn] [Jooble] Не удалось загрузить полное описание для https://ua.jooble.org/jdp/5818728613333728832: Request failed with status code 403
2026-06-03 11:37:25 [warn] [Jooble] Не удалось загрузить полное описание для https://ua.jooble.org/jdp/-5186496233006656032: Request failed with status code 403
2026-06-03 11:37:25 [warn] [Jooble] Не удалось загрузить полное описание для https://ua.jooble.org/jdp/-817202529694116484: Request failed with status code 403
2026-06-03 11:37:26 [warn] [Jooble] Не удалось загрузить полное описание для https://ua.jooble.org/jdp/8533551149050247716: Request failed with status code 403
2026-06-03 11:37:26 [warn] [Jooble] Не удалось загрузить полное описание для https://ua.jooble.org/jdp/2924752664345210074: Request failed with status code 403
2026-06-03 11:37:26 [warn] [Jooble] Не удалось загрузить полное описание для https://ua.jooble.org/jdp/330753101197015508: Request failed with status code 403
2026-06-03 11:37:26 [warn] [Jooble] Не удалось загрузить полное описание для https://ua.jooble.org/jdp/-3477129168772384480: Request failed with status code 403
2026-06-03 11:37:26 [warn] [Jooble] Не удалось загрузить полное описание для https://ua.jooble.org/jdp/-8087818923268819579: Request failed with status code 403
2026-06-03 11:37:26 [warn] [Jooble] Не удалось загрузить полное описание для https://ua.jooble.org/jdp/2894757047252221920: Request failed with status code 403
2026-06-03 11:37:26 [warn] [Jooble] Не удалось загрузить полное описание для https://ua.jooble.org/jdp/6749410111216123603: Request failed with status code 403
2026-06-03 11:37:26 [warn] [Jooble] Не удалось загрузить полное описание для https://ua.jooble.org/jdp/1886301698946973484: Request failed with status code 403
2026-06-03 11:37:26 [warn] [Jooble] Не удалось загрузить полное описание для https://ua.jooble.org/jdp/7427262769126343789: Request failed with status code 403
2026-06-03 11:37:26 [warn] [Jooble] Не удалось загрузить полное описание для https://ua.jooble.org/jdp/3538415528965206768: Request failed with status code 403
2026-06-03 11:37:27 [warn] [Jooble] Не удалось загрузить полное описание для https://ua.jooble.org/jdp/-7085784430192764691: Request failed with status code 403
2026-06-03 11:37:27 [warn] [Jooble] Не удалось загрузить полное описание для https://ua.jooble.org/jdp/-5143622922084393212: Request failed with status code 403
2026-06-03 11:37:27 [warn] [Jooble] Не удалось загрузить полное описание для https://ua.jooble.org/jdp/7635394736083766337: Request failed with status code 403
2026-06-03 11:37:27 [warn] [Jooble] Не удалось загрузить полное описание для https://ua.jooble.org/jdp/5551381845872066720: Request failed with status code 403
2026-06-03 11:37:27 [warn] [Jooble] Не удалось загрузить полное описание для https://ua.jooble.org/jdp/-5453992294290428822: Request failed with status code 403
2026-06-03 11:37:27 [warn] [Jooble] Не удалось загрузить полное описание для https://ua.jooble.org/jdp/1647917173284870703: Request failed with status code 403
2026-06-03 11:37:27 [warn] [Jooble] Не удалось загрузить полное описание для https://ua.jooble.org/jdp/5847934661047553823: Request failed with status code 403
2026-06-03 11:37:27 [warn] [Jooble] Не удалось загрузить полное описание для https://ua.jooble.org/jdp/7906897886687455335: Request failed with status code 403
2026-06-03 11:37:27 [warn] [Jooble] Не удалось загрузить полное описание для https://ua.jooble.org/jdp/-3548678760094112131: Request failed with status code 403
2026-06-03 11:37:27 [warn] [Jooble] Не удалось загрузить полное описание для https://ua.jooble.org/jdp/7748997824131598117: Request failed with status code 403
2026-06-03 11:37:28 [warn] [Jooble] Не удалось загрузить полное описание для https://ua.jooble.org/jdp/4156963279985294745: Request failed with status code 403
2026-06-03 11:37:28 [warn] [Jooble] Не удалось загрузить полное описание для https://ua.jooble.org/jdp/-680134598544298669: Request failed with status code 403
2026-06-03 11:37:28 [warn] [Jooble] Не удалось загрузить полное описание для https://ua.jooble.org/jdp/-758520419940435138: Request failed with status code 403
2026-06-03 11:37:28 [warn] [Jooble] Не удалось загрузить полное описание для https://ua.jooble.org/jdp/-808800435824751738: Request failed with status code 403
2026-06-03 11:37:28 [warn] [Jooble] Не удалось загрузить полное описание для https://ua.jooble.org/jdp/-6999817939930771159: Request failed with status code 403
2026-06-03 11:37:28 [info] [Robota.ua] API POST https://api.robota.ua/vacancy/search page=2
2026-06-03 11:37:28 [info] [Robota.ua] Страница 2: 20 вакансий
2026-06-03 11:37:28 [info] [Robota.ua] API вернул 60 вакансий
2026-06-03 11:37:28 [info] [Robota.ua] Найдено 60 вакансий
2026-06-03 11:37:28 [warn] [Jooble] Не удалось загрузить полное описание для https://ua.jooble.org/jdp/7331466390474181358: Request failed with status code 403
2026-06-03 11:37:28 [warn] [Jooble] Не удалось загрузить полное описание для https://ua.jooble.org/jdp/-6359905781739589530: Request failed with status code 403
2026-06-03 11:37:28 [warn] [Jooble] Не удалось загрузить полное описание для https://ua.jooble.org/jdp/-4606182868807818541: Request failed with status code 403
2026-06-03 11:37:28 [warn] [Jooble] Не удалось загрузить полное описание для https://ua.jooble.org/jdp/-7389259636424415887: Request failed with status code 403
2026-06-03 11:37:28 [warn] [Jooble] Не удалось загрузить полное описание для https://ua.jooble.org/jdp/-4923117982538324095: Request failed with status code 403
2026-06-03 11:37:28 [warn] [Jooble] Не удалось загрузить полное описание для https://ua.jooble.org/jdp/-2975068526235384913: Request failed with status code 403
2026-06-03 11:37:28 [warn] [Jooble] Не удалось загрузить полное описание для https://ua.jooble.org/jdp/5148703237084752232: Request failed with status code 403
2026-06-03 11:37:28 [warn] [Jooble] Не удалось загрузить полное описание для https://ua.jooble.org/jdp/5326108139707697205: Request failed with status code 403
2026-06-03 11:37:28 [warn] [Jooble] Не удалось загрузить полное описание для https://ua.jooble.org/jdp/5340231483668717583: Request failed with status code 403
2026-06-03 11:37:28 [warn] [Jooble] Не удалось загрузить полное описание для https://ua.jooble.org/jdp/1022321823502760685: Request failed with status code 403
2026-06-03 11:37:29 [info] [DOU] Раздел "Первая работа": найдено 218 вакансий
2026-06-03 11:37:29 [info] [DOU] Запрос: https://jobs.dou.ua/vacancies/?category=Python
2026-06-03 11:37:29 [warn] [Jooble] Не удалось загрузить полное описание для https://ua.jooble.org/jdp/2999193378073660270: Request failed with status code 403
2026-06-03 11:37:29 [warn] [Jooble] Не удалось загрузить полное описание для https://ua.jooble.org/jdp/-8267917125755051935: Request failed with status code 403
2026-06-03 11:37:29 [warn] [Jooble] Не удалось загрузить полное описание для https://ua.jooble.org/jdp/8083569262870464548: Request failed with status code 403
2026-06-03 11:37:29 [warn] [Jooble] Не удалось загрузить полное описание для https://ua.jooble.org/jdp/-403935442916416374: Request failed with status code 403
2026-06-03 11:37:29 [warn] [Jooble] Не удалось загрузить полное описание для https://ua.jooble.org/jdp/6914618348658663892: Request failed with status code 403
2026-06-03 11:37:29 [warn] [Jooble] Не удалось загрузить полное описание для https://ua.jooble.org/jdp/285850871498530471: Request failed with status code 403
2026-06-03 11:37:29 [warn] [Jooble] Не удалось загрузить полное описание для https://ua.jooble.org/jdp/6006085780968555460: Request failed with status code 403
2026-06-03 11:37:29 [warn] [Jooble] Не удалось загрузить полное описание для https://ua.jooble.org/jdp/-3423813087127132176: Request failed with status code 403
2026-06-03 11:37:29 [warn] [Jooble] Не удалось загрузить полное описание для https://ua.jooble.org/jdp/-1732652542950564791: Request failed with status code 403
2026-06-03 11:37:29 [warn] [Jooble] Не удалось загрузить полное описание для https://ua.jooble.org/jdp/-5361615565704336188: Request failed with status code 403
2026-06-03 11:37:30 [warn] [Jooble] Не удалось загрузить полное описание для https://ua.jooble.org/jdp/-7707705604331845348: Request failed with status code 403
2026-06-03 11:37:30 [warn] [Jooble] Не удалось загрузить полное описание для https://ua.jooble.org/jdp/-8276289741598290195: Request failed with status code 403
2026-06-03 11:37:30 [warn] [Jooble] Не удалось загрузить полное описание для https://ua.jooble.org/jdp/5492934470027183108: Request failed with status code 403
2026-06-03 11:37:30 [warn] [Jooble] Не удалось загрузить полное описание для https://ua.jooble.org/jdp/-8092299092175420858: Request failed with status code 403
2026-06-03 11:37:30 [warn] [Jooble] Не удалось загрузить полное описание для https://ua.jooble.org/jdp/-7212137972032635952: Request failed with status code 403
2026-06-03 11:37:30 [warn] [Jooble] Не удалось загрузить полное описание для https://ua.jooble.org/jdp/1593495301435900863: Request failed with status code 403
2026-06-03 11:37:30 [warn] [Jooble] Не удалось загрузить полное описание для https://ua.jooble.org/jdp/-3244907498567319557: Request failed with status code 403
2026-06-03 11:37:30 [warn] [Jooble] Не удалось загрузить полное описание для https://ua.jooble.org/jdp/-597420964073058181: Request failed with status code 403
2026-06-03 11:37:30 [warn] [Jooble] Не удалось загрузить полное описание для https://ua.jooble.org/jdp/-1857485137852995452: Request failed with status code 403
2026-06-03 11:37:30 [warn] [Jooble] Не удалось загрузить полное описание для https://ua.jooble.org/jdp/-5936246834091407506: Request failed with status code 403
2026-06-03 11:37:31 [warn] [Jooble] Не удалось загрузить полное описание для https://ua.jooble.org/jdp/5041597984677365524: Request failed with status code 403
2026-06-03 11:37:31 [warn] [Jooble] Не удалось загрузить полное описание для https://ua.jooble.org/jdp/7383989793847703755: Request failed with status code 403
2026-06-03 11:37:31 [warn] [Jooble] Не удалось загрузить полное описание для https://ua.jooble.org/jdp/-2481108796000583115: Request failed with status code 403
2026-06-03 11:37:31 [warn] [Jooble] Не удалось загрузить полное описание для https://ua.jooble.org/jdp/6308294847211135556: Request failed with status code 403
2026-06-03 11:37:31 [warn] [Jooble] Не удалось загрузить полное описание для https://ua.jooble.org/jdp/-7489478741849368529: Request failed with status code 403
2026-06-03 11:37:31 [info] [Jooble] Найдено 90 вакансий
2026-06-03 11:37:32 [info] [DOU] Загрузка полных описаний для 258 вакансий...
2026-06-03 11:37:59 [info] ═══════════════════════════════════════════
2026-06-03 11:37:59 [info] 🚀 JobHunter UA Backend запущен
2026-06-03 11:37:59 [info]    Порт: 3001
2026-06-03 11:37:59 [info]    Режим: development
2026-06-03 11:37:59 [info]    Jooble API: ✓ настроен
2026-06-03 11:37:59 [info]    Время: 03.06.2026, 11:37:59
2026-06-03 11:37:59 [info] ═══════════════════════════════════════════
2026-06-03 11:38:31 [info] ═══════════════════════════════════════════
2026-06-03 11:38:31 [info] 🚀 JobHunter UA Backend запущен
2026-06-03 11:38:31 [info]    Порт: 3001
2026-06-03 11:38:31 [info]    Режим: development
2026-06-03 11:38:31 [info]    Jooble API: ✓ настроен
2026-06-03 11:38:31 [info]    Время: 03.06.2026, 11:38:31
2026-06-03 11:38:31 [info] ═══════════════════════════════════════════
2026-06-03 11:44:28 [info] → POST /api/search
2026-06-03 11:44:28 [info] Запуск поиска вакансий...
2026-06-03 11:44:28 [info] ═══════════════════════════════════════════
2026-06-03 11:44:28 [info] Запуск поиска по всем источникам...
2026-06-03 11:44:28 [info] Ключевые слова: "Software Engineer"
2026-06-03 11:44:28 [info] Навыки: Python, C#, HTML, CSS, SQL, SQLite, Git, GitHub
2026-06-03 11:44:28 [info] Город: Київ, Уровень: Intern
2026-06-03 11:44:28 [info] ═══════════════════════════════════════════
2026-06-03 11:44:28 [info] [Jooble] Начинаю поиск: keywords="Software Engineer", location="Київ"
2026-06-03 11:44:28 [info] [Work.ua] Начинаю поиск: keywords="Software Engineer", location="Київ"
2026-06-03 11:44:28 [info] [Work.ua] Запрос: https://www.work.ua/jobs-Software+Engineer+Python+C%23/?page=1
2026-06-03 11:44:28 [info] [Robota.ua] Начинаю поиск: keywords="Software Engineer", location="Київ"
2026-06-03 11:44:28 [info] [Robota.ua] API POST https://api.robota.ua/vacancy/search page=0
2026-06-03 11:44:28 [info] [DOU] Начинаю поиск: keywords="Software Engineer", location="Київ"
2026-06-03 11:44:28 [info] [DOU] Запрос: https://jobs.dou.ua/vacancies/?search=Software%20Engineer
2026-06-03 11:44:28 [info] [Work.ua] Страница 1: найдено 10 вакансий
2026-06-03 11:44:28 [info] [Work.ua] Загрузка полных описаний для 10 вакансий...
2026-06-03 11:44:28 [info] [Robota.ua] Страница 0: 20 вакансий
2026-06-03 11:44:28 [info] [Jooble] Запрос к API выполнен (200 OK), страница 1
2026-06-03 11:44:29 [info] [Jooble] Запрос к API выполнен (200 OK), страница 2
2026-06-03 11:44:29 [info] [Work.ua] Парсинг завершен, найдено 10 вакансий
2026-06-03 11:44:29 [info] [Work.ua] Найдено 10 вакансий
2026-06-03 11:44:30 [info] [Jooble] Запрос к API выполнен (200 OK), страница 3
2026-06-03 11:44:30 [info] [Jooble] Загрузка полных описаний для 90 вакансий...
2026-06-03 11:44:30 [warn] [Jooble] Не удалось загрузить полное описание для https://ua.jooble.org/jdp/-1837298396339207514: Request failed with status code 403
2026-06-03 11:44:30 [warn] [Jooble] Не удалось загрузить полное описание для https://ua.jooble.org/jdp/14547518252254096: Request failed with status code 403
2026-06-03 11:44:30 [warn] [Jooble] Не удалось загрузить полное описание для https://ua.jooble.org/jdp/7761960870930219275: Request failed with status code 403
2026-06-03 11:44:30 [warn] [Jooble] Не удалось загрузить полное описание для https://ua.jooble.org/jdp/-8314694572234696316: Request failed with status code 403
2026-06-03 11:44:30 [warn] [Jooble] Не удалось загрузить полное описание для https://ua.jooble.org/jdp/-1897480377706838070: Request failed with status code 403
2026-06-03 11:44:30 [warn] [Jooble] Не удалось загрузить полное описание для https://ua.jooble.org/jdp/5384035512823078715: Request failed with status code 403
2026-06-03 11:44:30 [warn] [Jooble] Не удалось загрузить полное описание для https://ua.jooble.org/jdp/2799087060323628358: Request failed with status code 403
2026-06-03 11:44:30 [warn] [Jooble] Не удалось загрузить полное описание для https://ua.jooble.org/jdp/-5387732521453039458: Request failed with status code 403
2026-06-03 11:44:30 [warn] [Jooble] Не удалось загрузить полное описание для https://ua.jooble.org/jdp/90312324878394815: Request failed with status code 403
2026-06-03 11:44:30 [warn] [Jooble] Не удалось загрузить полное описание для https://ua.jooble.org/jdp/-4797813642268418774: Request failed with status code 403
2026-06-03 11:44:31 [info] [DOU] Запрос: https://jobs.dou.ua/first-job/
2026-06-03 11:44:31 [warn] [Jooble] Не удалось загрузить полное описание для https://ua.jooble.org/jdp/2264152365886968778: Request failed with status code 403
2026-06-03 11:44:31 [warn] [Jooble] Не удалось загрузить полное описание для https://ua.jooble.org/jdp/-678328359507090840: Request failed with status code 403
2026-06-03 11:44:31 [warn] [Jooble] Не удалось загрузить полное описание для https://ua.jooble.org/jdp/-2207985967983723191: Request failed with status code 403
2026-06-03 11:44:31 [warn] [Jooble] Не удалось загрузить полное описание для https://ua.jooble.org/jdp/-1028066558375442197: Request failed with status code 403
2026-06-03 11:44:31 [warn] [Jooble] Не удалось загрузить полное описание для https://ua.jooble.org/jdp/4524953056541144038: Request failed with status code 403
2026-06-03 11:44:31 [info] [Robota.ua] API POST https://api.robota.ua/vacancy/search page=1
2026-06-03 11:44:31 [info] [Robota.ua] Страница 1: 20 вакансий
2026-06-03 11:44:31 [warn] [Jooble] Не удалось загрузить полное описание для https://ua.jooble.org/jdp/-2522691346738660210: Request failed with status code 403
2026-06-03 11:44:31 [warn] [Jooble] Не удалось загрузить полное описание для https://ua.jooble.org/jdp/6509411752211191431: Request failed with status code 403
2026-06-03 11:44:31 [warn] [Jooble] Не удалось загрузить полное описание для https://ua.jooble.org/jdp/-898146633296936499: Request failed with status code 403
2026-06-03 11:44:31 [warn] [Jooble] Не удалось загрузить полное описание для https://ua.jooble.org/jdp/3535994523340769553: Request failed with status code 403
2026-06-03 11:44:31 [warn] [Jooble] Не удалось загрузить полное описание для https://ua.jooble.org/jdp/5640823735707849756: Request failed with status code 403
2026-06-03 11:44:32 [warn] [Jooble] Не удалось загрузить полное описание для https://ua.jooble.org/jdp/-2181772629526755776: Request failed with status code 403
2026-06-03 11:44:32 [warn] [Jooble] Не удалось загрузить полное описание для https://ua.jooble.org/jdp/-2999497148002942977: Request failed with status code 403
2026-06-03 11:44:32 [warn] [Jooble] Не удалось загрузить полное описание для https://ua.jooble.org/jdp/-3685110512263126414: Request failed with status code 403
2026-06-03 11:44:32 [warn] [Jooble] Не удалось загрузить полное описание для https://ua.jooble.org/jdp/3916219230438524197: Request failed with status code 403
2026-06-03 11:44:32 [warn] [Jooble] Не удалось загрузить полное описание для https://ua.jooble.org/jdp/5131262690967151172: Request failed with status code 403
2026-06-03 11:44:32 [warn] [Jooble] Не удалось загрузить полное описание для https://ua.jooble.org/jdp/2498487452024438910: Request failed with status code 403
2026-06-03 11:44:32 [warn] [Jooble] Не удалось загрузить полное описание для https://ua.jooble.org/jdp/5818728613333728832: Request failed with status code 403
2026-06-03 11:44:32 [warn] [Jooble] Не удалось загрузить полное описание для https://ua.jooble.org/jdp/8638423261327290873: Request failed with status code 403
2026-06-03 11:44:32 [warn] [Jooble] Не удалось загрузить полное описание для https://ua.jooble.org/jdp/-817202529694116484: Request failed with status code 403
2026-06-03 11:44:32 [warn] [Jooble] Не удалось загрузить полное описание для https://ua.jooble.org/jdp/-5186496233006656032: Request failed with status code 403
2026-06-03 11:44:33 [warn] [Jooble] Не удалось загрузить полное описание для https://ua.jooble.org/jdp/8533551149050247716: Request failed with status code 403
2026-06-03 11:44:33 [warn] [Jooble] Не удалось загрузить полное описание для https://ua.jooble.org/jdp/-8087818923268819579: Request failed with status code 403
2026-06-03 11:44:33 [warn] [Jooble] Не удалось загрузить полное описание для https://ua.jooble.org/jdp/-3477129168772384480: Request failed with status code 403
2026-06-03 11:44:33 [warn] [Jooble] Не удалось загрузить полное описание для https://ua.jooble.org/jdp/330753101197015508: Request failed with status code 403
2026-06-03 11:44:33 [warn] [Jooble] Не удалось загрузить полное описание для https://ua.jooble.org/jdp/2924752664345210074: Request failed with status code 403
2026-06-03 11:44:33 [warn] [Jooble] Не удалось загрузить полное описание для https://ua.jooble.org/jdp/1886301698946973484: Request failed with status code 403
2026-06-03 11:44:33 [warn] [Jooble] Не удалось загрузить полное описание для https://ua.jooble.org/jdp/2894757047252221920: Request failed with status code 403
2026-06-03 11:44:33 [warn] [Jooble] Не удалось загрузить полное описание для https://ua.jooble.org/jdp/7427262769126343789: Request failed with status code 403
2026-06-03 11:44:33 [warn] [Jooble] Не удалось загрузить полное описание для https://ua.jooble.org/jdp/6749410111216123603: Request failed with status code 403
2026-06-03 11:44:33 [warn] [Jooble] Не удалось загрузить полное описание для https://ua.jooble.org/jdp/3538415528965206768: Request failed with status code 403
2026-06-03 11:44:33 [warn] [Jooble] Не удалось загрузить полное описание для https://ua.jooble.org/jdp/-7085784430192764691: Request failed with status code 403
2026-06-03 11:44:34 [warn] [Jooble] Не удалось загрузить полное описание для https://ua.jooble.org/jdp/-5453992294290428822: Request failed with status code 403
2026-06-03 11:44:34 [warn] [Jooble] Не удалось загрузить полное описание для https://ua.jooble.org/jdp/-5143622922084393212: Request failed with status code 403
2026-06-03 11:44:34 [warn] [Jooble] Не удалось загрузить полное описание для https://ua.jooble.org/jdp/5551381845872066720: Request failed with status code 403
2026-06-03 11:44:34 [info] [Robota.ua] API POST https://api.robota.ua/vacancy/search page=2
2026-06-03 11:44:34 [warn] [Jooble] Не удалось загрузить полное описание для https://ua.jooble.org/jdp/7635394736083766337: Request failed with status code 403
2026-06-03 11:44:34 [info] [Robota.ua] Страница 2: 20 вакансий
2026-06-03 11:44:34 [info] [Robota.ua] API вернул 60 вакансий
2026-06-03 11:44:34 [info] [Robota.ua] Найдено 60 вакансий
2026-06-03 11:44:34 [info] [DOU] Раздел "Первая работа": найдено 218 вакансий
2026-06-03 11:44:34 [info] [DOU] Запрос: https://jobs.dou.ua/vacancies/?category=Python
2026-06-03 11:44:34 [warn] [Jooble] Не удалось загрузить полное описание для https://ua.jooble.org/jdp/5847934661047553823: Request failed with status code 403
2026-06-03 11:44:34 [warn] [Jooble] Не удалось загрузить полное описание для https://ua.jooble.org/jdp/7906897886687455335: Request failed with status code 403
2026-06-03 11:44:34 [warn] [Jooble] Не удалось загрузить полное описание для https://ua.jooble.org/jdp/7748997824131598117: Request failed with status code 403
2026-06-03 11:44:34 [warn] [Jooble] Не удалось загрузить полное описание для https://ua.jooble.org/jdp/1647917173284870703: Request failed with status code 403
2026-06-03 11:44:34 [warn] [Jooble] Не удалось загрузить полное описание для https://ua.jooble.org/jdp/-3548678760094112131: Request failed with status code 403
2026-06-03 11:44:35 [warn] [Jooble] Не удалось загрузить полное описание для https://ua.jooble.org/jdp/-6999817939930771159: Request failed with status code 403
2026-06-03 11:44:35 [warn] [Jooble] Не удалось загрузить полное описание для https://ua.jooble.org/jdp/-680134598544298669: Request failed with status code 403
2026-06-03 11:44:35 [warn] [Jooble] Не удалось загрузить полное описание для https://ua.jooble.org/jdp/-808800435824751738: Request failed with status code 403
2026-06-03 11:44:35 [warn] [Jooble] Не удалось загрузить полное описание для https://ua.jooble.org/jdp/7331466390474181358: Request failed with status code 403
2026-06-03 11:44:35 [warn] [Jooble] Не удалось загрузить полное описание для https://ua.jooble.org/jdp/4156963279985294745: Request failed with status code 403
2026-06-03 11:44:35 [warn] [Jooble] Не удалось загрузить полное описание для https://ua.jooble.org/jdp/-7389259636424415887: Request failed with status code 403
2026-06-03 11:44:35 [warn] [Jooble] Не удалось загрузить полное описание для https://ua.jooble.org/jdp/-4606182868807818541: Request failed with status code 403
2026-06-03 11:44:35 [warn] [Jooble] Не удалось загрузить полное описание для https://ua.jooble.org/jdp/-6359905781739589530: Request failed with status code 403
2026-06-03 11:44:35 [warn] [Jooble] Не удалось загрузить полное описание для https://ua.jooble.org/jdp/-4923117982538324095: Request failed with status code 403
2026-06-03 11:44:35 [warn] [Jooble] Не удалось загрузить полное описание для https://ua.jooble.org/jdp/-758520419940435138: Request failed with status code 403
2026-06-03 11:44:36 [warn] [Jooble] Не удалось загрузить полное описание для https://ua.jooble.org/jdp/1022321823502760685: Request failed with status code 403
2026-06-03 11:44:36 [warn] [Jooble] Не удалось загрузить полное описание для https://ua.jooble.org/jdp/5326108139707697205: Request failed with status code 403
2026-06-03 11:44:36 [warn] [Jooble] Не удалось загрузить полное описание для https://ua.jooble.org/jdp/5148703237084752232: Request failed with status code 403
2026-06-03 11:44:36 [warn] [Jooble] Не удалось загрузить полное описание для https://ua.jooble.org/jdp/-2975068526235384913: Request failed with status code 403
2026-06-03 11:44:36 [warn] [Jooble] Не удалось загрузить полное описание для https://ua.jooble.org/jdp/5340231483668717583: Request failed with status code 403
2026-06-03 11:44:36 [warn] [Jooble] Не удалось загрузить полное описание для https://ua.jooble.org/jdp/2999193378073660270: Request failed with status code 403
2026-06-03 11:44:36 [warn] [Jooble] Не удалось загрузить полное описание для https://ua.jooble.org/jdp/6914618348658663892: Request failed with status code 403
2026-06-03 11:44:36 [warn] [Jooble] Не удалось загрузить полное описание для https://ua.jooble.org/jdp/-403935442916416374: Request failed with status code 403
2026-06-03 11:44:36 [warn] [Jooble] Не удалось загрузить полное описание для https://ua.jooble.org/jdp/-8092299092175420858: Request failed with status code 403
2026-06-03 11:44:36 [warn] [Jooble] Не удалось загрузить полное описание для https://ua.jooble.org/jdp/-8267917125755051935: Request failed with status code 403
2026-06-03 11:44:36 [warn] [Jooble] Не удалось загрузить полное описание для https://ua.jooble.org/jdp/-3244907498567319557: Request failed with status code 403
2026-06-03 11:44:36 [warn] [Jooble] Не удалось загрузить полное описание для https://ua.jooble.org/jdp/1593495301435900863: Request failed with status code 403
2026-06-03 11:44:36 [warn] [Jooble] Не удалось загрузить полное описание для https://ua.jooble.org/jdp/5492934470027183108: Request failed with status code 403
2026-06-03 11:44:36 [warn] [Jooble] Не удалось загрузить полное описание для https://ua.jooble.org/jdp/-7212137972032635952: Request failed with status code 403
2026-06-03 11:44:36 [warn] [Jooble] Не удалось загрузить полное описание для https://ua.jooble.org/jdp/-5936246834091407506: Request failed with status code 403
2026-06-03 11:44:37 [info] [DOU] Загрузка полных описаний для 258 вакансий...
2026-06-03 11:44:37 [warn] [Jooble] Не удалось загрузить полное описание для https://ua.jooble.org/jdp/-7707705604331845348: Request failed with status code 403
2026-06-03 11:44:37 [warn] [Jooble] Не удалось загрузить полное описание для https://ua.jooble.org/jdp/-1857485137852995452: Request failed with status code 403
2026-06-03 11:44:37 [warn] [Jooble] Не удалось загрузить полное описание для https://ua.jooble.org/jdp/8083569262870464548: Request failed with status code 403
2026-06-03 11:44:37 [warn] [Jooble] Не удалось загрузить полное описание для https://ua.jooble.org/jdp/-8276289741598290195: Request failed with status code 403
2026-06-03 11:44:37 [warn] [Jooble] Не удалось загрузить полное описание для https://ua.jooble.org/jdp/-597420964073058181: Request failed with status code 403
2026-06-03 11:44:37 [warn] [Jooble] Не удалось загрузить полное описание для https://ua.jooble.org/jdp/-3423813087127132176: Request failed with status code 403
2026-06-03 11:44:37 [warn] [Jooble] Не удалось загрузить полное описание для https://ua.jooble.org/jdp/285850871498530471: Request failed with status code 403
2026-06-03 11:44:37 [warn] [Jooble] Не удалось загрузить полное описание для https://ua.jooble.org/jdp/6006085780968555460: Request failed with status code 403
2026-06-03 11:44:37 [warn] [Jooble] Не удалось загрузить полное описание для https://ua.jooble.org/jdp/-1732652542950564791: Request failed with status code 403
2026-06-03 11:44:37 [warn] [Jooble] Не удалось загрузить полное описание для https://ua.jooble.org/jdp/-5361615565704336188: Request failed with status code 403
2026-06-03 11:44:38 [warn] [Jooble] Не удалось загрузить полное описание для https://ua.jooble.org/jdp/5485313434896060602: Request failed with status code 403
2026-06-03 11:44:38 [warn] [Jooble] Не удалось загрузить полное описание для https://ua.jooble.org/jdp/-1475248775959104598: Request failed with status code 403
2026-06-03 11:44:38 [warn] [Jooble] Не удалось загрузить полное описание для https://ua.jooble.org/jdp/-5347765710004432040: Request failed with status code 403
2026-06-03 11:44:38 [warn] [Jooble] Не удалось загрузить полное описание для https://ua.jooble.org/jdp/-5049761586376896998: Request failed with status code 403
2026-06-03 11:44:38 [warn] [Jooble] Не удалось загрузить полное описание для https://ua.jooble.org/jdp/846383287765478862: Request failed with status code 403
2026-06-03 11:44:38 [info] [Jooble] Найдено 90 вакансий
2026-06-03 11:45:04 [info] [DOU] Парсинг завершен, найдено 258 вакансий
2026-06-03 11:45:04 [info] [DOU] Найдено 258 вакансий
2026-06-03 11:45:04 [info] ✓ Jooble: 90 вакансий
2026-06-03 11:45:04 [info] ✓ Work.ua: 10 вакансий
2026-06-03 11:45:04 [info] ✓ Robota.ua: 60 вакансий
2026-06-03 11:45:04 [info] ✓ DOU: 258 вакансий
2026-06-03 11:45:04 [info] ═══════════════════════════════════════════
2026-06-03 11:45:04 [info] Поиск завершён за 36.6с. Итого: 414 уникальных вакансий
2026-06-03 11:45:04 [info]   ✓ Jooble: 90 вакансий
2026-06-03 11:45:04 [info]   ✓ Work.ua: 10 вакансий
2026-06-03 11:45:04 [info]   ✓ Robota.ua: 60 вакансий
2026-06-03 11:45:04 [info]   ✓ DOU: 258 вакансий
2026-06-03 11:45:04 [info] ═══════════════════════════════════════════
2026-06-03 11:45:04 [info] Начинаю скоринг 414 вакансий...
2026-06-03 11:45:04 [info] Скоринг завершён. Средний score: 29%, макс: 68%
2026-06-03 11:45:04 [info] Поиск завершён. Отправляю 326 вакансий клиенту.
2026-06-03 11:46:38 [info] → POST /api/resume/upload
2026-06-03 11:46:38 [info] Получен файл: CV_Vladyslav_Hryn (3).pdf (129.6 КБ)
2026-06-03 11:46:38 [info] Начинаю парсинг PDF: uploads\resume-1780476398984-821632074.pdf
2026-06-03 11:46:39 [info] Резюме успешно распарсено: 1 страниц(ы), 2801 символов
2026-06-03 11:46:39 [info] Начинаю извлечение данных из текста резюме...
2026-06-03 11:46:39 [info] Извлечено: позиция="Software Engineer", навыков=8, опыт=1 лет, уровень=Junior, город=Київ
2026-06-03 11:50:38 [info] ═══════════════════════════════════════════
2026-06-03 11:50:38 [info] 🚀 JobHunter UA Backend запущен
2026-06-03 11:50:38 [info]    Порт: 3001
2026-06-03 11:50:38 [info]    Режим: development
2026-06-03 11:50:38 [info]    Jooble API: ✓ настроен
2026-06-03 11:50:38 [info]    Время: 03.06.2026, 11:50:38
2026-06-03 11:50:38 [info] ═══════════════════════════════════════════
2026-06-03 11:51:46 [info] ═══════════════════════════════════════════
2026-06-03 11:51:46 [info] 🚀 JobHunter UA Backend запущен
2026-06-03 11:51:46 [info]    Порт: 3001
2026-06-03 11:51:46 [info]    Режим: development
2026-06-03 11:51:46 [info]    Jooble API: ✓ настроен
2026-06-03 11:51:47 [info]    Время: 03.06.2026, 11:51:46
2026-06-03 11:51:47 [info] ═══════════════════════════════════════════
2026-06-03 11:51:50 [info] → POST /api/resume/upload
2026-06-03 11:51:50 [info] Получен файл: CV_Vladyslav_Hryn (3).pdf (129.6 КБ)
2026-06-03 11:51:50 [info] Начинаю парсинг PDF: uploads\resume-1780476710242-855547535.pdf
2026-06-03 11:51:50 [info] Резюме успешно распарсено: 1 страниц(ы), 2801 символов
2026-06-03 11:51:50 [info] Начинаю извлечение данных из текста резюме...
2026-06-03 11:51:50 [info] Извлечено: позиция="Software Engineer", навыков=8, опыт=1 лет, уровень=Junior, город=Київ
2026-06-03 11:51:58 [info] → POST /api/search
2026-06-03 11:51:58 [info] Запуск поиска вакансий...
2026-06-03 11:51:58 [info] ═══════════════════════════════════════════
2026-06-03 11:51:58 [info] Запуск поиска по всем источникам...
2026-06-03 11:51:58 [info] Ключевые слова: "Software Engineer"
2026-06-03 11:51:58 [info] Навыки: Python, C#, HTML, CSS, SQL, SQLite, Git, GitHub
2026-06-03 11:51:58 [info] Город: Київ, Уровень: Intern
2026-06-03 11:51:58 [info] ═══════════════════════════════════════════
2026-06-03 11:51:58 [info] [Jooble] Начинаю поиск: keywords="Software Engineer", location="Київ"
2026-06-03 11:51:58 [info] [Work.ua] Начинаю поиск: keywords="Software Engineer", location="Київ"
2026-06-03 11:51:58 [info] [Work.ua] Запрос: https://www.work.ua/jobs-Software+Engineer+Python+C%23/?page=1
2026-06-03 11:51:58 [info] [Robota.ua] Начинаю поиск: keywords="Software Engineer", location="Київ"
2026-06-03 11:51:58 [info] [Robota.ua] API POST https://api.robota.ua/vacancy/search page=0
2026-06-03 11:51:58 [info] [DOU] Начинаю поиск: keywords="Software Engineer", location="Київ"
2026-06-03 11:51:58 [info] [DOU] Запрос: https://jobs.dou.ua/vacancies/?search=Software%20Engineer
2026-06-03 11:51:58 [info] [Robota.ua] Страница 0: 20 вакансий
2026-06-03 11:51:58 [info] [Work.ua] Страница 1: найдено 10 вакансий
2026-06-03 11:51:58 [info] [Work.ua] Загрузка полных описаний для 10 вакансий...
2026-06-03 11:51:58 [info] [Jooble] Запрос к API выполнен (200 OK), страница 1
2026-06-03 11:51:59 [info] [Jooble] Запрос к API выполнен (200 OK), страница 2
2026-06-03 11:51:59 [info] [Jooble] Запрос к API выполнен (200 OK), страница 3
2026-06-03 11:51:59 [info] [Jooble] Загрузка полных описаний для 90 вакансий...
2026-06-03 11:51:59 [warn] [Jooble] Не удалось загрузить полное описание для https://ua.jooble.org/jdp/-1837298396339207514: Request failed with status code 403
2026-06-03 11:51:59 [warn] [Jooble] Не удалось загрузить полное описание для https://ua.jooble.org/jdp/7761960870930219275: Request failed with status code 403
2026-06-03 11:51:59 [warn] [Jooble] Не удалось загрузить полное описание для https://ua.jooble.org/jdp/14547518252254096: Request failed with status code 403
2026-06-03 11:51:59 [warn] [Jooble] Не удалось загрузить полное описание для https://ua.jooble.org/jdp/-8314694572234696316: Request failed with status code 403
2026-06-03 11:51:59 [warn] [Jooble] Не удалось загрузить полное описание для https://ua.jooble.org/jdp/-1897480377706838070: Request failed with status code 403
2026-06-03 11:52:00 [warn] [Jooble] Не удалось загрузить полное описание для https://ua.jooble.org/jdp/5384035512823078715: Request failed with status code 403
2026-06-03 11:52:00 [warn] [Jooble] Не удалось загрузить полное описание для https://ua.jooble.org/jdp/-5387732521453039458: Request failed with status code 403
2026-06-03 11:52:00 [warn] [Jooble] Не удалось загрузить полное описание для https://ua.jooble.org/jdp/90312324878394815: Request failed with status code 403
2026-06-03 11:52:00 [warn] [Jooble] Не удалось загрузить полное описание для https://ua.jooble.org/jdp/-4797813642268418774: Request failed with status code 403
2026-06-03 11:52:00 [warn] [Jooble] Не удалось загрузить полное описание для https://ua.jooble.org/jdp/2799087060323628358: Request failed with status code 403
2026-06-03 11:52:00 [info] [Work.ua] Парсинг завершен, найдено 10 вакансий
2026-06-03 11:52:00 [info] [Work.ua] Найдено 10 вакансий
2026-06-03 11:52:00 [warn] [Jooble] Не удалось загрузить полное описание для https://ua.jooble.org/jdp/-2207985967983723191: Request failed with status code 403
2026-06-03 11:52:00 [warn] [Jooble] Не удалось загрузить полное описание для https://ua.jooble.org/jdp/-1028066558375442197: Request failed with status code 403
2026-06-03 11:52:00 [warn] [Jooble] Не удалось загрузить полное описание для https://ua.jooble.org/jdp/3535994523340769553: Request failed with status code 403
2026-06-03 11:52:00 [warn] [Jooble] Не удалось загрузить полное описание для https://ua.jooble.org/jdp/-678328359507090840: Request failed with status code 403
2026-06-03 11:52:00 [warn] [Jooble] Не удалось загрузить полное описание для https://ua.jooble.org/jdp/5640823735707849756: Request failed with status code 403
2026-06-03 11:52:00 [warn] [Jooble] Не удалось загрузить полное описание для https://ua.jooble.org/jdp/2264152365886968778: Request failed with status code 403
2026-06-03 11:52:00 [warn] [Jooble] Не удалось загрузить полное описание для https://ua.jooble.org/jdp/-2522691346738660210: Request failed with status code 403
2026-06-03 11:52:00 [warn] [Jooble] Не удалось загрузить полное описание для https://ua.jooble.org/jdp/-898146633296936499: Request failed with status code 403
2026-06-03 11:52:00 [warn] [Jooble] Не удалось загрузить полное описание для https://ua.jooble.org/jdp/6509411752211191431: Request failed with status code 403
2026-06-03 11:52:00 [warn] [Jooble] Не удалось загрузить полное описание для https://ua.jooble.org/jdp/4524953056541144038: Request failed with status code 403
2026-06-03 11:52:01 [info] [DOU] Запрос: https://jobs.dou.ua/first-job/
2026-06-03 11:52:01 [warn] [Jooble] Не удалось загрузить полное описание для https://ua.jooble.org/jdp/3916219230438524197: Request failed with status code 403
2026-06-03 11:52:01 [warn] [Jooble] Не удалось загрузить полное описание для https://ua.jooble.org/jdp/5131262690967151172: Request failed with status code 403
2026-06-03 11:52:01 [warn] [Jooble] Не удалось загрузить полное описание для https://ua.jooble.org/jdp/-3685110512263126414: Request failed with status code 403
2026-06-03 11:52:01 [warn] [Jooble] Не удалось загрузить полное описание для https://ua.jooble.org/jdp/-2181772629526755776: Request failed with status code 403
2026-06-03 11:52:01 [warn] [Jooble] Не удалось загрузить полное описание для https://ua.jooble.org/jdp/-2999497148002942977: Request failed with status code 403
2026-06-03 11:52:01 [info] [Robota.ua] API POST https://api.robota.ua/vacancy/search page=1
2026-06-03 11:52:01 [info] [Robota.ua] Страница 1: 20 вакансий
2026-06-03 11:52:01 [warn] [Jooble] Не удалось загрузить полное описание для https://ua.jooble.org/jdp/2498487452024438910: Request failed with status code 403
2026-06-03 11:52:01 [warn] [Jooble] Не удалось загрузить полное описание для https://ua.jooble.org/jdp/8638423261327290873: Request failed with status code 403
2026-06-03 11:52:01 [warn] [Jooble] Не удалось загрузить полное описание для https://ua.jooble.org/jdp/-817202529694116484: Request failed with status code 403
2026-06-03 11:52:01 [warn] [Jooble] Не удалось загрузить полное описание для https://ua.jooble.org/jdp/5818728613333728832: Request failed with status code 403
2026-06-03 11:52:01 [warn] [Jooble] Не удалось загрузить полное описание для https://ua.jooble.org/jdp/-5186496233006656032: Request failed with status code 403
2026-06-03 11:52:02 [warn] [Jooble] Не удалось загрузить полное описание для https://ua.jooble.org/jdp/330753101197015508: Request failed with status code 403
2026-06-03 11:52:02 [warn] [Jooble] Не удалось загрузить полное описание для https://ua.jooble.org/jdp/-3477129168772384480: Request failed with status code 403
2026-06-03 11:52:02 [warn] [Jooble] Не удалось загрузить полное описание для https://ua.jooble.org/jdp/-8087818923268819579: Request failed with status code 403
2026-06-03 11:52:02 [warn] [Jooble] Не удалось загрузить полное описание для https://ua.jooble.org/jdp/2924752664345210074: Request failed with status code 403
2026-06-03 11:52:02 [warn] [Jooble] Не удалось загрузить полное описание для https://ua.jooble.org/jdp/8533551149050247716: Request failed with status code 403
2026-06-03 11:52:02 [warn] [Jooble] Не удалось загрузить полное описание для https://ua.jooble.org/jdp/2894757047252221920: Request failed with status code 403
2026-06-03 11:52:02 [warn] [Jooble] Не удалось загрузить полное описание для https://ua.jooble.org/jdp/3538415528965206768: Request failed with status code 403
2026-06-03 11:52:02 [warn] [Jooble] Не удалось загрузить полное описание для https://ua.jooble.org/jdp/1886301698946973484: Request failed with status code 403
2026-06-03 11:52:02 [warn] [Jooble] Не удалось загрузить полное описание для https://ua.jooble.org/jdp/7427262769126343789: Request failed with status code 403
2026-06-03 11:52:02 [warn] [Jooble] Не удалось загрузить полное описание для https://ua.jooble.org/jdp/6749410111216123603: Request failed with status code 403
2026-06-03 11:52:03 [warn] [Jooble] Не удалось загрузить полное описание для https://ua.jooble.org/jdp/7635394736083766337: Request failed with status code 403
2026-06-03 11:52:03 [warn] [Jooble] Не удалось загрузить полное описание для https://ua.jooble.org/jdp/5551381845872066720: Request failed with status code 403
2026-06-03 11:52:03 [warn] [Jooble] Не удалось загрузить полное описание для https://ua.jooble.org/jdp/-5143622922084393212: Request failed with status code 403
2026-06-03 11:52:03 [warn] [Jooble] Не удалось загрузить полное описание для https://ua.jooble.org/jdp/-5453992294290428822: Request failed with status code 403
2026-06-03 11:52:03 [warn] [Jooble] Не удалось загрузить полное описание для https://ua.jooble.org/jdp/-7085784430192764691: Request failed with status code 403
2026-06-03 11:52:03 [warn] [Jooble] Не удалось загрузить полное описание для https://ua.jooble.org/jdp/7748997824131598117: Request failed with status code 403
2026-06-03 11:52:03 [warn] [Jooble] Не удалось загрузить полное описание для https://ua.jooble.org/jdp/5847934661047553823: Request failed with status code 403
2026-06-03 11:52:03 [info] [DOU] Раздел "Первая работа": найдено 218 вакансий
2026-06-03 11:52:03 [info] [DOU] Запрос: https://jobs.dou.ua/vacancies/?category=Python
2026-06-03 11:52:03 [warn] [Jooble] Не удалось загрузить полное описание для https://ua.jooble.org/jdp/-3548678760094112131: Request failed with status code 403
2026-06-03 11:52:03 [warn] [Jooble] Не удалось загрузить полное описание для https://ua.jooble.org/jdp/1647917173284870703: Request failed with status code 403
2026-06-03 11:52:03 [warn] [Jooble] Не удалось загрузить полное описание для https://ua.jooble.org/jdp/7906897886687455335: Request failed with status code 403
2026-06-03 11:52:03 [info] [Robota.ua] API POST https://api.robota.ua/vacancy/search page=2
2026-06-03 11:52:03 [info] [Robota.ua] Страница 2: 20 вакансий
2026-06-03 11:52:03 [info] [Robota.ua] API вернул 60 вакансий
2026-06-03 11:52:03 [info] [Robota.ua] Найдено 60 вакансий
2026-06-03 11:52:03 [warn] [Jooble] Не удалось загрузить полное описание для https://ua.jooble.org/jdp/-808800435824751738: Request failed with status code 403
2026-06-03 11:52:03 [warn] [Jooble] Не удалось загрузить полное описание для https://ua.jooble.org/jdp/5340231483668717583: Request failed with status code 403
2026-06-03 11:52:03 [warn] [Jooble] Не удалось загрузить полное описание для https://ua.jooble.org/jdp/-680134598544298669: Request failed with status code 403
2026-06-03 11:52:04 [warn] [Jooble] Не удалось загрузить полное описание для https://ua.jooble.org/jdp/4156963279985294745: Request failed with status code 403
2026-06-03 11:52:04 [warn] [Jooble] Не удалось загрузить полное описание для https://ua.jooble.org/jdp/5326108139707697205: Request failed with status code 403
2026-06-03 11:52:04 [warn] [Jooble] Не удалось загрузить полное описание для https://ua.jooble.org/jdp/5584840540882577012: Request failed with status code 403
2026-06-03 11:52:04 [warn] [Jooble] Не удалось загрузить полное описание для https://ua.jooble.org/jdp/-8267917125755051935: Request failed with status code 403
2026-06-03 11:52:04 [warn] [Jooble] Не удалось загрузить полное описание для https://ua.jooble.org/jdp/1022321823502760685: Request failed with status code 403
2026-06-03 11:52:04 [warn] [Jooble] Не удалось загрузить полное описание для https://ua.jooble.org/jdp/6914618348658663892: Request failed with status code 403
2026-06-03 11:52:04 [warn] [Jooble] Не удалось загрузить полное описание для https://ua.jooble.org/jdp/2999193378073660270: Request failed with status code 403
2026-06-03 11:52:04 [warn] [Jooble] Не удалось загрузить полное описание для https://ua.jooble.org/jdp/5148703237084752232: Request failed with status code 403
2026-06-03 11:52:04 [warn] [Jooble] Не удалось загрузить полное описание для https://ua.jooble.org/jdp/-4923117982538324095: Request failed with status code 403
2026-06-03 11:52:04 [warn] [Jooble] Не удалось загрузить полное описание для https://ua.jooble.org/jdp/-403935442916416374: Request failed with status code 403
2026-06-03 11:52:04 [warn] [Jooble] Не удалось загрузить полное описание для https://ua.jooble.org/jdp/-758520419940435138: Request failed with status code 403
2026-06-03 11:52:04 [warn] [Jooble] Не удалось загрузить полное описание для https://ua.jooble.org/jdp/-6359905781739589530: Request failed with status code 403
2026-06-03 11:52:05 [warn] [Jooble] Не удалось загрузить полное описание для https://ua.jooble.org/jdp/-4606182868807818541: Request failed with status code 403
2026-06-03 11:52:05 [warn] [Jooble] Не удалось загрузить полное описание для https://ua.jooble.org/jdp/-6999817939930771159: Request failed with status code 403
2026-06-03 11:52:05 [warn] [Jooble] Не удалось загрузить полное описание для https://ua.jooble.org/jdp/-7389259636424415887: Request failed with status code 403
2026-06-03 11:52:05 [warn] [Jooble] Не удалось загрузить полное описание для https://ua.jooble.org/jdp/7331466390474181358: Request failed with status code 403
2026-06-03 11:52:05 [warn] [Jooble] Не удалось загрузить полное описание для https://ua.jooble.org/jdp/-8092299092175420858: Request failed with status code 403
2026-06-03 11:52:05 [warn] [Jooble] Не удалось загрузить полное описание для https://ua.jooble.org/jdp/-5936246834091407506: Request failed with status code 403
2026-06-03 11:52:05 [warn] [Jooble] Не удалось загрузить полное описание для https://ua.jooble.org/jdp/1593495301435900863: Request failed with status code 403
2026-06-03 11:52:05 [warn] [Jooble] Не удалось загрузить полное описание для https://ua.jooble.org/jdp/-3244907498567319557: Request failed with status code 403
2026-06-03 11:52:05 [warn] [Jooble] Не удалось загрузить полное описание для https://ua.jooble.org/jdp/5492934470027183108: Request failed with status code 403
2026-06-03 11:52:05 [warn] [Jooble] Не удалось загрузить полное описание для https://ua.jooble.org/jdp/-7212137972032635952: Request failed with status code 403
2026-06-03 11:52:05 [info] [DOU] Загрузка полных описаний для 258 вакансий...
2026-06-03 11:52:06 [warn] [Jooble] Не удалось загрузить полное описание для https://ua.jooble.org/jdp/8083569262870464548: Request failed with status code 403
2026-06-03 11:52:06 [warn] [Jooble] Не удалось загрузить полное описание для https://ua.jooble.org/jdp/-597420964073058181: Request failed with status code 403
2026-06-03 11:52:06 [warn] [Jooble] Не удалось загрузить полное описание для https://ua.jooble.org/jdp/-7707705604331845348: Request failed with status code 403
2026-06-03 11:52:06 [warn] [Jooble] Не удалось загрузить полное описание для https://ua.jooble.org/jdp/-8276289741598290195: Request failed with status code 403
2026-06-03 11:52:06 [warn] [Jooble] Не удалось загрузить полное описание для https://ua.jooble.org/jdp/-1857485137852995452: Request failed with status code 403
2026-06-03 11:52:06 [warn] [Jooble] Не удалось загрузить полное описание для https://ua.jooble.org/jdp/-3423813087127132176: Request failed with status code 403
2026-06-03 11:52:06 [warn] [Jooble] Не удалось загрузить полное описание для https://ua.jooble.org/jdp/-5361615565704336188: Request failed with status code 403
2026-06-03 11:52:06 [warn] [Jooble] Не удалось загрузить полное описание для https://ua.jooble.org/jdp/-1732652542950564791: Request failed with status code 403
2026-06-03 11:52:06 [warn] [Jooble] Не удалось загрузить полное описание для https://ua.jooble.org/jdp/285850871498530471: Request failed with status code 403
2026-06-03 11:52:06 [warn] [Jooble] Не удалось загрузить полное описание для https://ua.jooble.org/jdp/6006085780968555460: Request failed with status code 403
2026-06-03 11:52:07 [warn] [Jooble] Не удалось загрузить полное описание для https://ua.jooble.org/jdp/846383287765478862: Request failed with status code 403
2026-06-03 11:52:07 [warn] [Jooble] Не удалось загрузить полное описание для https://ua.jooble.org/jdp/-5347765710004432040: Request failed with status code 403
2026-06-03 11:52:07 [warn] [Jooble] Не удалось загрузить полное описание для https://ua.jooble.org/jdp/-1475248775959104598: Request failed with status code 403
2026-06-03 11:52:07 [warn] [Jooble] Не удалось загрузить полное описание для https://ua.jooble.org/jdp/5485313434896060602: Request failed with status code 403
2026-06-03 11:52:07 [warn] [Jooble] Не удалось загрузить полное описание для https://ua.jooble.org/jdp/-5049761586376896998: Request failed with status code 403
2026-06-03 11:52:07 [info] [Jooble] Найдено 90 вакансий
2026-06-03 11:52:33 [info] [DOU] Парсинг завершен, найдено 258 вакансий
2026-06-03 11:52:33 [info] [DOU] Найдено 258 вакансий
2026-06-03 11:52:33 [info] ✓ Jooble: 90 вакансий
2026-06-03 11:52:33 [info] ✓ Work.ua: 10 вакансий
2026-06-03 11:52:33 [info] ✓ Robota.ua: 60 вакансий
2026-06-03 11:52:33 [info] ✓ DOU: 258 вакансий
2026-06-03 11:52:33 [info] ═══════════════════════════════════════════
2026-06-03 11:52:33 [info] Поиск завершён за 34.8с. Итого: 414 уникальных вакансий
2026-06-03 11:52:33 [info]   ✓ Jooble: 90 вакансий
2026-06-03 11:52:33 [info]   ✓ Work.ua: 10 вакансий
2026-06-03 11:52:33 [info]   ✓ Robota.ua: 60 вакансий
2026-06-03 11:52:33 [info]   ✓ DOU: 258 вакансий
2026-06-03 11:52:33 [info] ═══════════════════════════════════════════
2026-06-03 11:52:33 [info] Начинаю скоринг 414 вакансий...
2026-06-03 11:52:33 [info] Скоринг завершён. Средний score: 29%, макс: 68%
2026-06-03 11:52:33 [info] Поиск завершён. Отправляю 310 вакансий клиенту.
2026-06-03 11:54:03 [info] ═══════════════════════════════════════════
2026-06-03 11:54:03 [info] 🚀 JobHunter UA Backend запущен
2026-06-03 11:54:03 [info]    Порт: 3001
2026-06-03 11:54:03 [info]    Режим: development
2026-06-03 11:54:03 [info]    Jooble API: ✓ настроен
2026-06-03 11:54:03 [info]    Время: 03.06.2026, 11:54:03
2026-06-03 11:54:03 [info] ═══════════════════════════════════════════
2026-06-03 11:54:56 [info] ═══════════════════════════════════════════
2026-06-03 11:54:56 [info] 🚀 JobHunter UA Backend запущен
2026-06-03 11:54:56 [info]    Порт: 3001
2026-06-03 11:54:56 [info]    Режим: development
2026-06-03 11:54:56 [info]    Jooble API: ✓ настроен
2026-06-03 11:54:56 [info]    Время: 03.06.2026, 11:54:56
2026-06-03 11:54:56 [info] ═══════════════════════════════════════════
2026-06-03 11:56:16 [info] ═══════════════════════════════════════════
2026-06-03 11:56:16 [info] 🚀 JobHunter UA Backend запущен
2026-06-03 11:56:16 [info]    Порт: 3001
2026-06-03 11:56:16 [info]    Режим: development
2026-06-03 11:56:16 [info]    Jooble API: ✓ настроен
2026-06-03 11:56:16 [info]    Время: 03.06.2026, 11:56:16
2026-06-03 11:56:16 [info] ═══════════════════════════════════════════
2026-06-03 11:57:14 [info] ═══════════════════════════════════════════
2026-06-03 11:57:14 [info] 🚀 JobHunter UA Backend запущен
2026-06-03 11:57:14 [info]    Порт: 3001
2026-06-03 11:57:14 [info]    Режим: development
2026-06-03 11:57:14 [info]    Jooble API: ✓ настроен
2026-06-03 11:57:14 [info]    Время: 03.06.2026, 11:57:14
2026-06-03 11:57:14 [info] ═══════════════════════════════════════════
2026-06-03 12:04:35 [info] ═══════════════════════════════════════════
2026-06-03 12:04:35 [info] 🚀 JobHunter UA Backend запущен
2026-06-03 12:04:35 [info]    Порт: 3001
2026-06-03 12:04:35 [info]    Режим: development
2026-06-03 12:04:35 [info]    Jooble API: ✓ настроен
2026-06-03 12:04:36 [info]    Время: 03.06.2026, 12:04:35
2026-06-03 12:04:36 [info] ═══════════════════════════════════════════
2026-06-03 12:05:31 [info] → POST /api/resume/upload
2026-06-03 12:05:31 [info] Получен файл: CV_Vladyslav_Hryn (3).pdf (129.6 КБ)
2026-06-03 12:05:31 [info] Начинаю парсинг PDF: uploads\resume-1780477531921-186450090.pdf
2026-06-03 12:05:32 [info] Резюме успешно распарсено: 1 страниц(ы), 2801 символов
2026-06-03 12:05:32 [info] Начинаю извлечение данных из текста резюме...
2026-06-03 12:05:32 [info] Извлечено: позиция="Software Engineer", навыков=8, опыт=1 лет, уровень=Junior, город=Київ
2026-06-03 12:05:36 [info] → POST /api/search
2026-06-03 12:05:36 [info] Запуск пошуку вакансій...
2026-06-03 12:05:36 [info] ═══════════════════════════════════════════
2026-06-03 12:05:36 [info] Запуск поиска по всем источникам...
2026-06-03 12:05:36 [info] Ключевые слова: "Software Engineer"
2026-06-03 12:05:36 [info] Навыки: Python, C#, HTML, CSS, SQL, SQLite, Git, GitHub
2026-06-03 12:05:36 [info] Город: Київ, Уровень: Junior
2026-06-03 12:05:36 [info] ═══════════════════════════════════════════
2026-06-03 12:05:36 [info] [Jooble] Начинаю поиск: keywords="Software Engineer", location="Київ"
2026-06-03 12:05:36 [info] [Work.ua] Начинаю поиск: keywords="Software Engineer", location="Київ"
2026-06-03 12:05:36 [info] [Work.ua] Запрос: https://www.work.ua/jobs-Software+Engineer+Python+C%23/?page=1
2026-06-03 12:05:36 [info] [Robota.ua] Начинаю поиск: keywords="Software Engineer", location="Київ"
2026-06-03 12:05:36 [info] [Robota.ua] API POST https://api.robota.ua/vacancy/search page=0
2026-06-03 12:05:36 [info] [DOU] Начинаю поиск: keywords="Software Engineer", location="Київ"
2026-06-03 12:05:36 [info] [DOU] Запит: https://jobs.dou.ua/vacancies/?search=Software%20Engineer
2026-06-03 12:05:36 [info] [Work.ua] Страница 1: найдено 10 вакансий
2026-06-03 12:05:36 [info] [Work.ua] Парсинг завершен, найдено 10 вакансий
2026-06-03 12:05:36 [info] [Work.ua] Найдено 10 вакансий
2026-06-03 12:05:37 [info] [Robota.ua] Страница 0: 20 вакансий
2026-06-03 12:05:39 [info] [DOU] Запит: https://jobs.dou.ua/first-job/
2026-06-03 12:05:39 [info] [Jooble] Запрос к API выполнен (200 OK), страница 1
2026-06-03 12:05:39 [info] [Robota.ua] API POST https://api.robota.ua/vacancy/search page=1
2026-06-03 12:05:39 [info] [Robota.ua] Страница 1: 20 вакансий
2026-06-03 12:05:39 [info] [Jooble] Запрос к API выполнен (200 OK), страница 2
2026-06-03 12:05:40 [info] [Jooble] Запрос к API выполнен (200 OK), страница 3
2026-06-03 12:05:40 [info] [Jooble] Найдено 90 вакансий
2026-06-03 12:05:41 [info] [DOU] Розділ "Перша робота": знайдено 218 вакансій
2026-06-03 12:05:41 [info] [DOU] Запит: https://jobs.dou.ua/vacancies/?category=Python
2026-06-03 12:05:41 [info] [Robota.ua] API POST https://api.robota.ua/vacancy/search page=2
2026-06-03 12:05:42 [info] [Robota.ua] Страница 2: 20 вакансий
2026-06-03 12:05:42 [info] [Robota.ua] API вернул 60 вакансий
2026-06-03 12:05:42 [info] [Robota.ua] Найдено 60 вакансий
2026-06-03 12:05:44 [info] [DOU] Парсинг завершено, знайдено 258 вакансій
2026-06-03 12:05:44 [info] [DOU] Найдено 258 вакансий
2026-06-03 12:05:44 [info] ✓ Jooble: 90 вакансий
2026-06-03 12:05:44 [info] ✓ Work.ua: 10 вакансий
2026-06-03 12:05:44 [info] ✓ Robota.ua: 60 вакансий
2026-06-03 12:05:44 [info] ✓ DOU: 258 вакансий
2026-06-03 12:05:44 [info] ═══════════════════════════════════════════
2026-06-03 12:05:44 [info] Поиск завершён за 8.6с. Итого: 414 уникальных вакансий
2026-06-03 12:05:44 [info]   ✓ Jooble: 90 вакансий
2026-06-03 12:05:44 [info]   ✓ Work.ua: 10 вакансий
2026-06-03 12:05:44 [info]   ✓ Robota.ua: 60 вакансий
2026-06-03 12:05:44 [info]   ✓ DOU: 258 вакансий
2026-06-03 12:05:44 [info] ═══════════════════════════════════════════
2026-06-03 12:05:44 [info] Начинаю скоринг 414 вакансий...
2026-06-03 12:05:44 [info] Скоринг завершён. Средний score: 29%, макс: 57%
2026-06-03 12:05:44 [info] Докачую повні описи для топ-50 вакансій...
2026-06-03 12:05:45 [info] [Enricher] 5/50 вакансій оброблено (✓1 ✗4)
2026-06-03 12:05:46 [info] [Enricher] 10/50 вакансій оброблено (✓2 ✗8)
2026-06-03 12:05:47 [info] [Enricher] 15/50 вакансій оброблено (✓2 ✗13)
2026-06-03 12:05:48 [info] [Enricher] 20/50 вакансій оброблено (✓2 ✗18)
2026-06-03 12:05:48 [info] [Enricher] 25/50 вакансій оброблено (✓2 ✗23)
2026-06-03 12:05:49 [info] [Enricher] 30/50 вакансій оброблено (✓2 ✗28)
2026-06-03 12:05:50 [info] [Enricher] 35/50 вакансій оброблено (✓2 ✗33)
2026-06-03 12:05:51 [info] [Enricher] 40/50 вакансій оброблено (✓4 ✗36)
2026-06-03 12:05:53 [info] [Enricher] 45/50 вакансій оброблено (✓7 ✗38)
2026-06-03 12:05:57 [info] [Enricher] 50/50 вакансій оброблено (✓10 ✗40)
2026-06-03 12:05:57 [info] [Enricher] Готово: 10 збагачено, 40 пропущено
2026-06-03 12:05:57 [info] Начинаю скоринг 50 вакансий...
2026-06-03 12:05:57 [info] Скоринг завершён. Средний score: 51%, макс: 68%
2026-06-03 12:05:57 [info] Пошук завершено. Відправляю 357 вакансій клієнту.
2026-06-03 12:09:08 [info] ═══════════════════════════════════════════
2026-06-03 12:09:08 [info] 🚀 JobHunter UA Backend запущен
2026-06-03 12:09:08 [info]    Порт: 3001
2026-06-03 12:09:08 [info]    Режим: development
2026-06-03 12:09:08 [info]    Jooble API: ✓ настроен
2026-06-03 12:09:08 [info]    Время: 03.06.2026, 12:09:08
2026-06-03 12:09:08 [info] ═══════════════════════════════════════════
2026-06-03 12:09:36 [info] → POST /api/resume/upload
2026-06-03 12:09:36 [info] Получен файл: CV_Vladyslav_Hryn (3).pdf (129.6 КБ)
2026-06-03 12:09:36 [info] Начинаю парсинг PDF: uploads\resume-1780477776615-585762756.pdf
2026-06-03 12:09:36 [info] Резюме успешно распарсено: 1 страниц(ы), 2801 символов
2026-06-03 12:09:36 [info] Начинаю извлечение данных из текста резюме...
2026-06-03 12:09:36 [info] Извлечено: позиция="Software Engineer", навыков=8, опыт=1 лет, уровень=Junior, город=Київ
2026-06-03 12:09:37 [info] → POST /api/search
2026-06-03 12:09:37 [info] Запуск пошуку вакансій...
2026-06-03 12:09:37 [info] ═══════════════════════════════════════════
2026-06-03 12:09:37 [info] Запуск поиска по всем источникам...
2026-06-03 12:09:37 [info] Ключевые слова: "Junior Software Engineer"
2026-06-03 12:09:37 [info] Навыки: Python, C#, HTML, CSS, SQL, SQLite, Git, GitHub
2026-06-03 12:09:37 [info] Город: Київ, Уровень: Junior
2026-06-03 12:09:37 [info] ═══════════════════════════════════════════
2026-06-03 12:09:37 [info] [Jooble] Начинаю поиск: keywords="Junior Software Engineer", location="Київ"
2026-06-03 12:09:37 [info] [Work.ua] Начинаю поиск: keywords="Junior Software Engineer", location="Київ"
2026-06-03 12:09:37 [info] [Work.ua] Запрос: https://www.work.ua/jobs-Junior+Software+Engineer+Python+C%23/?page=1
2026-06-03 12:09:37 [info] [Robota.ua] Начинаю поиск: keywords="Junior Software Engineer", location="Київ"
2026-06-03 12:09:37 [info] [Robota.ua] API POST https://api.robota.ua/vacancy/search page=0
2026-06-03 12:09:37 [info] [DOU] Начинаю поиск: keywords="Junior Software Engineer", location="Київ"
2026-06-03 12:09:37 [info] [DOU] Запит: https://jobs.dou.ua/vacancies/?search=Junior%20Software%20Engineer
2026-06-03 12:09:38 [info] [Work.ua] Страница 1: найдено 10 вакансий
2026-06-03 12:09:38 [info] [Work.ua] Парсинг завершен, найдено 10 вакансий
2026-06-03 12:09:38 [info] [Work.ua] Найдено 10 вакансий
2026-06-03 12:09:38 [info] [Robota.ua] Страница 0: 20 вакансий
2026-06-03 12:09:38 [info] [Jooble] Запрос к API выполнен (200 OK), страница 1
2026-06-03 12:09:38 [info] [Jooble] Запрос к API выполнен (200 OK), страница 2
2026-06-03 12:09:38 [info] [Jooble] Запрос к API выполнен (200 OK), страница 3
2026-06-03 12:09:38 [info] [Jooble] Найдено 90 вакансий
2026-06-03 12:09:39 [info] [Robota.ua] API POST https://api.robota.ua/vacancy/search page=1
2026-06-03 12:09:40 [info] [Robota.ua] Страница 1: 20 вакансий
2026-06-03 12:09:40 [info] [DOU] Запит: https://jobs.dou.ua/first-job/
2026-06-03 12:09:42 [info] [Robota.ua] API POST https://api.robota.ua/vacancy/search page=2
2026-06-03 12:09:42 [info] [Robota.ua] Страница 2: 20 вакансий
2026-06-03 12:09:42 [info] [Robota.ua] API вернул 60 вакансий
2026-06-03 12:09:42 [info] [Robota.ua] Найдено 60 вакансий
2026-06-03 12:09:43 [info] [DOU] Розділ "Перша робота": знайдено 219 вакансій
2026-06-03 12:09:43 [info] [DOU] Запит: https://jobs.dou.ua/vacancies/?category=Python
2026-06-03 12:09:45 [info] [DOU] Парсинг завершено, знайдено 247 вакансій
2026-06-03 12:09:45 [info] [DOU] Найдено 247 вакансий
2026-06-03 12:09:45 [info] ✓ Jooble: 90 вакансий
2026-06-03 12:09:45 [info] ✓ Work.ua: 10 вакансий
2026-06-03 12:09:45 [info] ✓ Robota.ua: 60 вакансий
2026-06-03 12:09:45 [info] ✓ DOU: 247 вакансий
2026-06-03 12:09:45 [info] ═══════════════════════════════════════════
2026-06-03 12:09:45 [info] Поиск завершён за 7.9с. Итого: 401 уникальных вакансий
2026-06-03 12:09:45 [info]   ✓ Jooble: 90 вакансий
2026-06-03 12:09:45 [info]   ✓ Work.ua: 10 вакансий
2026-06-03 12:09:45 [info]   ✓ Robota.ua: 60 вакансий
2026-06-03 12:09:45 [info]   ✓ DOU: 247 вакансий
2026-06-03 12:09:45 [info] ═══════════════════════════════════════════
2026-06-03 12:09:45 [info] Начинаю скоринг 401 вакансий...
2026-06-03 12:09:45 [info] Скоринг завершён. Средний score: 28%, макс: 57%
2026-06-03 12:09:45 [info] Докачую повні описи для топ-50 вакансій...
2026-06-03 12:09:45 [info] [Enricher] 5/50 вакансій оброблено (✓2 ✗3)
2026-06-03 12:09:47 [info] [Enricher] 10/50 вакансій оброблено (✓3 ✗7)
2026-06-03 12:09:48 [info] [Enricher] 15/50 вакансій оброблено (✓3 ✗12)
2026-06-03 12:09:49 [info] [Enricher] 20/50 вакансій оброблено (✓3 ✗17)
2026-06-03 12:09:49 [info] [Enricher] 25/50 вакансій оброблено (✓3 ✗22)
2026-06-03 12:09:50 [info] [Enricher] 30/50 вакансій оброблено (✓3 ✗27)
2026-06-03 12:09:51 [info] [Enricher] 35/50 вакансій оброблено (✓5 ✗30)
2026-06-03 12:09:55 [info] [Enricher] 40/50 вакансій оброблено (✓8 ✗32)
2026-06-03 12:09:56 [info] [Enricher] 45/50 вакансій оброблено (✓12 ✗33)
2026-06-03 12:09:57 [info] [Enricher] 50/50 вакансій оброблено (✓17 ✗33)
2026-06-03 12:09:57 [info] [Enricher] Готово: 17 збагачено, 33 пропущено
2026-06-03 12:09:57 [info] Начинаю скоринг 50 вакансий...
2026-06-03 12:09:57 [info] Скоринг завершён. Средний score: 47%, макс: 68%
2026-06-03 12:09:57 [info] Пошук завершено. Відправляю 363 вакансій клієнту.
2026-06-03 12:13:43 [info] → POST /api/resume/upload
2026-06-03 12:13:43 [info] Получен файл: CV_Vladyslav_Hryn (3).pdf (129.6 КБ)
2026-06-03 12:13:43 [info] Начинаю парсинг PDF: uploads\resume-1780478023897-2377463.pdf
2026-06-03 12:13:44 [info] Резюме успешно распарсено: 1 страниц(ы), 2801 символов
2026-06-03 12:13:44 [info] Начинаю извлечение данных из текста резюме...
2026-06-03 12:13:44 [info] Извлечено: позиция="Software Engineer", навыков=8, опыт=1 лет, уровень=Junior, город=Київ
2026-06-03 12:13:45 [info] → POST /api/search
2026-06-03 12:13:45 [info] Запуск пошуку вакансій...
2026-06-03 12:13:45 [info] ═══════════════════════════════════════════
2026-06-03 12:13:45 [info] Запуск поиска по всем источникам...
2026-06-03 12:13:45 [info] Ключевые слова: "Junior Software Engineer"
2026-06-03 12:13:45 [info] Навыки: Python, C#, HTML, CSS, SQL, SQLite, Git, GitHub
2026-06-03 12:13:45 [info] Город: Київ, Уровень: Junior
2026-06-03 12:13:45 [info] ═══════════════════════════════════════════
2026-06-03 12:13:45 [info] [Jooble] Начинаю поиск: keywords="Junior Software Engineer", location="Київ"
2026-06-03 12:13:45 [info] [Work.ua] Начинаю поиск: keywords="Junior Software Engineer", location="Київ"
2026-06-03 12:13:45 [info] [Work.ua] Запрос: https://www.work.ua/jobs-Junior+Software+Engineer+Python+C%23/?page=1
2026-06-03 12:13:45 [info] [Robota.ua] Начинаю поиск: keywords="Junior Software Engineer", location="Київ"
2026-06-03 12:13:45 [info] [Robota.ua] API POST https://api.robota.ua/vacancy/search page=0
2026-06-03 12:13:45 [info] [DOU] Начинаю поиск: keywords="Junior Software Engineer", location="Київ"
2026-06-03 12:13:45 [info] [DOU] Запит: https://jobs.dou.ua/vacancies/?search=Junior%20Software%20Engineer
2026-06-03 12:13:45 [info] [Work.ua] Страница 1: найдено 10 вакансий
2026-06-03 12:13:45 [info] [Work.ua] Парсинг завершен, найдено 10 вакансий
2026-06-03 12:13:45 [info] [Work.ua] Найдено 10 вакансий
2026-06-03 12:13:46 [info] [Jooble] Запрос к API выполнен (200 OK), страница 1
2026-06-03 12:13:46 [info] [Robota.ua] Страница 0: 20 вакансий
2026-06-03 12:13:46 [info] [Jooble] Запрос к API выполнен (200 OK), страница 2
2026-06-03 12:13:46 [info] [Jooble] Запрос к API выполнен (200 OK), страница 3
2026-06-03 12:13:46 [info] [Jooble] Найдено 90 вакансий
2026-06-03 12:13:48 [info] [Robota.ua] API POST https://api.robota.ua/vacancy/search page=1
2026-06-03 12:13:48 [info] [Robota.ua] Страница 1: 20 вакансий
2026-06-03 12:13:49 [info] [DOU] Запит: https://jobs.dou.ua/first-job/
2026-06-03 12:13:51 [info] [Robota.ua] API POST https://api.robota.ua/vacancy/search page=2
2026-06-03 12:13:51 [info] [DOU] Розділ "Перша робота": знайдено 219 вакансій
2026-06-03 12:13:51 [info] [DOU] Запит: https://jobs.dou.ua/vacancies/?category=Python
2026-06-03 12:13:51 [info] [Robota.ua] Страница 2: 20 вакансий
2026-06-03 12:13:51 [info] [Robota.ua] API вернул 60 вакансий
2026-06-03 12:13:51 [info] [Robota.ua] Найдено 60 вакансий
2026-06-03 12:13:53 [info] [DOU] Парсинг завершено, знайдено 247 вакансій
2026-06-03 12:13:53 [info] [DOU] Найдено 247 вакансий
2026-06-03 12:13:53 [info] ✓ Jooble: 90 вакансий
2026-06-03 12:13:53 [info] ✓ Work.ua: 10 вакансий
2026-06-03 12:13:53 [info] ✓ Robota.ua: 60 вакансий
2026-06-03 12:13:53 [info] ✓ DOU: 247 вакансий
2026-06-03 12:13:53 [info] ═══════════════════════════════════════════
2026-06-03 12:13:53 [info] Поиск завершён за 8.2с. Итого: 401 уникальных вакансий
2026-06-03 12:13:53 [info]   ✓ Jooble: 90 вакансий
2026-06-03 12:13:53 [info]   ✓ Work.ua: 10 вакансий
2026-06-03 12:13:53 [info]   ✓ Robota.ua: 60 вакансий
2026-06-03 12:13:53 [info]   ✓ DOU: 247 вакансий
2026-06-03 12:13:53 [info] ═══════════════════════════════════════════
2026-06-03 12:13:53 [info] Начинаю скоринг 401 вакансий...
2026-06-03 12:13:53 [info] Скоринг завершён. Средний score: 28%, макс: 57%
2026-06-03 12:13:53 [info] Докачую повні описи для топ-50 вакансій...
2026-06-03 12:13:54 [info] [Enricher] 5/50 вакансій оброблено (✓2 ✗3)
2026-06-03 12:13:55 [info] [Enricher] 10/50 вакансій оброблено (✓3 ✗7)
2026-06-03 12:13:56 [info] [Enricher] 15/50 вакансій оброблено (✓3 ✗12)
2026-06-03 12:13:56 [info] [Enricher] 20/50 вакансій оброблено (✓3 ✗17)
2026-06-03 12:13:57 [info] [Enricher] 25/50 вакансій оброблено (✓3 ✗22)
2026-06-03 12:13:58 [info] [Enricher] 30/50 вакансій оброблено (✓3 ✗27)
2026-06-03 12:13:59 [info] [Enricher] 35/50 вакансій оброблено (✓5 ✗30)
2026-06-03 12:14:00 [info] [Enricher] 40/50 вакансій оброблено (✓8 ✗32)
2026-06-03 12:14:01 [info] [Enricher] 45/50 вакансій оброблено (✓12 ✗33)
2026-06-03 12:14:03 [info] [Enricher] 50/50 вакансій оброблено (✓17 ✗33)
2026-06-03 12:14:03 [info] [Enricher] Готово: 17 збагачено, 33 пропущено
2026-06-03 12:14:03 [info] Начинаю скоринг 50 вакансий...
2026-06-03 12:14:03 [info] Скоринг завершён. Средний score: 47%, макс: 68%
2026-06-03 12:14:03 [info] Пошук завершено. Відправляю 363 вакансій клієнту.
2026-06-03 12:17:21 [info] ═══════════════════════════════════════════
2026-06-03 12:17:21 [info] 🚀 JobHunter UA Backend запущен
2026-06-03 12:17:21 [info]    Порт: 3001
2026-06-03 12:17:21 [info]    Режим: development
2026-06-03 12:17:21 [info]    Jooble API: ✓ настроен
2026-06-03 12:17:21 [info]    Время: 03.06.2026, 12:17:21
2026-06-03 12:17:21 [info] ═══════════════════════════════════════════
2026-06-03 12:17:49 [info] → POST /api/resume/upload
2026-06-03 12:17:49 [info] Получен файл: CV_Vladyslav_Hryn (3).pdf (129.6 КБ)
2026-06-03 12:17:49 [info] Начинаю парсинг PDF: uploads\resume-1780478269272-136353186.pdf
2026-06-03 12:17:49 [info] Резюме успешно распарсено: 1 страниц(ы), 2801 символов
2026-06-03 12:17:49 [info] Начинаю извлечение данных из текста резюме...
2026-06-03 12:17:49 [info] Извлечено: позиция="Software Engineer", навыков=8, опыт=1 лет, уровень=Junior, город=Київ
2026-06-03 12:17:50 [info] → POST /api/search
2026-06-03 12:17:50 [info] Запуск пошуку вакансій...
2026-06-03 12:17:50 [info] ═══════════════════════════════════════════
2026-06-03 12:17:50 [info] Запуск поиска по всем источникам...
2026-06-03 12:17:50 [info] Ключевые слова: "Junior Software Engineer"
2026-06-03 12:17:50 [info] Навыки: Python, C#, HTML, CSS, SQL, SQLite, Git, GitHub
2026-06-03 12:17:50 [info] Город: Київ, Уровень: Junior
2026-06-03 12:17:50 [info] ═══════════════════════════════════════════
2026-06-03 12:17:50 [info] [Jooble] Начинаю поиск: keywords="Junior Software Engineer", location="Київ"
2026-06-03 12:17:50 [info] [Work.ua] Начинаю поиск: keywords="Junior Software Engineer", location="Київ"
2026-06-03 12:17:50 [info] [Work.ua] Запрос: https://www.work.ua/jobs-Junior+Software+Engineer+Python+C%23/?page=1
2026-06-03 12:17:50 [info] [Robota.ua] Начинаю поиск: keywords="Junior Software Engineer", location="Київ"
2026-06-03 12:17:50 [info] [Robota.ua] API POST https://api.robota.ua/vacancy/search page=0
2026-06-03 12:17:50 [info] [DOU] Начинаю поиск: keywords="Junior Software Engineer", location="Київ"
2026-06-03 12:17:50 [info] [DOU] Запит: https://jobs.dou.ua/vacancies/?search=Junior%20Software%20Engineer
2026-06-03 12:17:51 [info] [Work.ua] Страница 1: найдено 10 вакансий
2026-06-03 12:17:51 [info] [Work.ua] Парсинг завершен, найдено 10 вакансий
2026-06-03 12:17:51 [info] [Work.ua] Найдено 10 вакансий
2026-06-03 12:17:51 [info] [Jooble] Запрос к API выполнен (200 OK), страница 1
2026-06-03 12:17:51 [info] [Robota.ua] Страница 0: 20 вакансий
2026-06-03 12:17:51 [info] [Jooble] Запрос к API выполнен (200 OK), страница 2
2026-06-03 12:17:51 [info] [Jooble] Запрос к API выполнен (200 OK), страница 3
2026-06-03 12:17:51 [info] [Jooble] Найдено 90 вакансий
2026-06-03 12:17:53 [info] [Robota.ua] API POST https://api.robota.ua/vacancy/search page=1
2026-06-03 12:17:53 [info] [Robota.ua] Страница 1: 20 вакансий
2026-06-03 12:17:53 [info] [DOU] Запит: https://jobs.dou.ua/first-job/
2026-06-03 12:17:55 [info] [Robota.ua] API POST https://api.robota.ua/vacancy/search page=2
2026-06-03 12:17:56 [info] [DOU] Розділ "Перша робота": знайдено 219 вакансій
2026-06-03 12:17:56 [info] [DOU] Запит: https://jobs.dou.ua/vacancies/?category=Python
2026-06-03 12:17:56 [info] [Robota.ua] Страница 2: 20 вакансий
2026-06-03 12:17:56 [info] [Robota.ua] API вернул 60 вакансий
2026-06-03 12:17:56 [info] [Robota.ua] Найдено 60 вакансий
2026-06-03 12:17:58 [info] [DOU] Парсинг завершено, знайдено 247 вакансій
2026-06-03 12:17:58 [info] [DOU] Найдено 247 вакансий
2026-06-03 12:17:58 [info] ✓ Jooble: 90 вакансий
2026-06-03 12:17:58 [info] ✓ Work.ua: 10 вакансий
2026-06-03 12:17:58 [info] ✓ Robota.ua: 60 вакансий
2026-06-03 12:17:58 [info] ✓ DOU: 247 вакансий
2026-06-03 12:17:58 [info] ═══════════════════════════════════════════
2026-06-03 12:17:58 [info] Поиск завершён за 7.8с. Итого: 401 уникальных вакансий
2026-06-03 12:17:58 [info]   ✓ Jooble: 90 вакансий
2026-06-03 12:17:58 [info]   ✓ Work.ua: 10 вакансий
2026-06-03 12:17:58 [info]   ✓ Robota.ua: 60 вакансий
2026-06-03 12:17:58 [info]   ✓ DOU: 247 вакансий
2026-06-03 12:17:58 [info] ═══════════════════════════════════════════
2026-06-03 12:17:58 [info] Начинаю скоринг 401 вакансий...
2026-06-03 12:17:58 [info] Скоринг завершён. Средний score: 28%, макс: 57%
2026-06-03 12:17:58 [info] Докачую повні описи для топ-50 вакансій...
2026-06-03 12:17:58 [info] [Enricher] 5/50 вакансій оброблено (✓2 ✗3)
2026-06-03 12:17:59 [info] [Enricher] 10/50 вакансій оброблено (✓3 ✗7)
2026-06-03 12:18:00 [info] [Enricher] 15/50 вакансій оброблено (✓3 ✗12)
2026-06-03 12:18:01 [info] [Enricher] 20/50 вакансій оброблено (✓3 ✗17)
2026-06-03 12:18:02 [info] [Enricher] 25/50 вакансій оброблено (✓3 ✗22)
2026-06-03 12:18:03 [info] [Enricher] 30/50 вакансій оброблено (✓3 ✗27)
2026-06-03 12:18:04 [info] [Enricher] 35/50 вакансій оброблено (✓5 ✗30)
2026-06-03 12:18:05 [info] [Enricher] 40/50 вакансій оброблено (✓8 ✗32)
2026-06-03 12:18:07 [info] [Enricher] 45/50 вакансій оброблено (✓12 ✗33)
2026-06-03 12:18:08 [info] [Enricher] 50/50 вакансій оброблено (✓17 ✗33)
2026-06-03 12:18:08 [info] [Enricher] Готово: 17 збагачено, 33 пропущено
2026-06-03 12:18:08 [info] Начинаю скоринг 50 вакансий...
2026-06-03 12:18:08 [info] Скоринг завершён. Средний score: 47%, макс: 68%
2026-06-03 12:18:08 [info] Пошук завершено. Відправляю 363 вакансій клієнту.
2026-06-03 12:19:31 [info] → POST /api/search
2026-06-03 12:19:31 [info] Запуск пошуку вакансій...
2026-06-03 12:19:31 [info] ═══════════════════════════════════════════
2026-06-03 12:19:31 [info] Запуск поиска по всем источникам...
2026-06-03 12:19:31 [info] Ключевые слова: "Middle Software Engineer"
2026-06-03 12:19:31 [info] Навыки: Python, C#, HTML, CSS, SQL, SQLite, Git, GitHub
2026-06-03 12:19:31 [info] Город: Київ, Уровень: Middle
2026-06-03 12:19:31 [info] ═══════════════════════════════════════════
2026-06-03 12:19:31 [info] [Jooble] Начинаю поиск: keywords="Middle Software Engineer", location="Київ"
2026-06-03 12:19:31 [info] [Work.ua] Начинаю поиск: keywords="Middle Software Engineer", location="Київ"
2026-06-03 12:19:31 [info] [Work.ua] Запрос: https://www.work.ua/jobs-Middle+Software+Engineer+Python+C%23/?page=1
2026-06-03 12:19:31 [info] [Robota.ua] Начинаю поиск: keywords="Middle Software Engineer", location="Київ"
2026-06-03 12:19:31 [info] [Robota.ua] API POST https://api.robota.ua/vacancy/search page=0
2026-06-03 12:19:31 [info] [DOU] Начинаю поиск: keywords="Middle Software Engineer", location="Київ"
2026-06-03 12:19:31 [info] [DOU] Запит: https://jobs.dou.ua/vacancies/?search=Middle%20Software%20Engineer
2026-06-03 12:19:31 [info] [Work.ua] Страница 1: найдено 10 вакансий
2026-06-03 12:19:31 [info] [Work.ua] Парсинг завершен, найдено 10 вакансий
2026-06-03 12:19:31 [info] [Work.ua] Найдено 10 вакансий
2026-06-03 12:19:31 [info] [Jooble] Запрос к API выполнен (200 OK), страница 1
2026-06-03 12:19:31 [info] [Robota.ua] Страница 0: 20 вакансий
2026-06-03 12:19:31 [info] [Jooble] Запрос к API выполнен (200 OK), страница 2
2026-06-03 12:19:32 [info] [Jooble] Запрос к API выполнен (200 OK), страница 3
2026-06-03 12:19:32 [info] [Jooble] Найдено 90 вакансий
2026-06-03 12:19:33 [info] [Robota.ua] API POST https://api.robota.ua/vacancy/search page=1
2026-06-03 12:19:34 [info] [Robota.ua] Страница 1: 20 вакансий
2026-06-03 12:19:34 [info] [DOU] Запит: https://jobs.dou.ua/vacancies/?category=Python
2026-06-03 12:19:36 [info] [Robota.ua] API POST https://api.robota.ua/vacancy/search page=2
2026-06-03 12:19:36 [info] [DOU] Парсинг завершено, знайдено 38 вакансій
2026-06-03 12:19:36 [info] [DOU] Найдено 38 вакансий
2026-06-03 12:19:36 [info] [Robota.ua] Страница 2: 20 вакансий
2026-06-03 12:19:36 [info] [Robota.ua] API вернул 60 вакансий
2026-06-03 12:19:36 [info] [Robota.ua] Найдено 60 вакансий
2026-06-03 12:19:36 [info] ✓ Jooble: 90 вакансий
2026-06-03 12:19:36 [info] ✓ Work.ua: 10 вакансий
2026-06-03 12:19:36 [info] ✓ Robota.ua: 60 вакансий
2026-06-03 12:19:36 [info] ✓ DOU: 38 вакансий
2026-06-03 12:19:36 [info] ═══════════════════════════════════════════
2026-06-03 12:19:36 [info] Поиск завершён за 5.1с. Итого: 193 уникальных вакансий
2026-06-03 12:19:36 [info]   ✓ Jooble: 90 вакансий
2026-06-03 12:19:36 [info]   ✓ Work.ua: 10 вакансий
2026-06-03 12:19:36 [info]   ✓ Robota.ua: 60 вакансий
2026-06-03 12:19:36 [info]   ✓ DOU: 38 вакансий
2026-06-03 12:19:36 [info] ═══════════════════════════════════════════
2026-06-03 12:19:36 [info] Начинаю скоринг 193 вакансий...
2026-06-03 12:19:36 [info] Скоринг завершён. Средний score: 32%, макс: 57%
2026-06-03 12:19:36 [info] Докачую повні описи для топ-50 вакансій...
2026-06-03 12:19:36 [info] [Enricher] 5/50 вакансій оброблено (✓1 ✗4)
2026-06-03 12:19:37 [info] [Enricher] 10/50 вакансій оброблено (✓1 ✗9)
2026-06-03 12:19:38 [info] [Enricher] 15/50 вакансій оброблено (✓1 ✗14)
2026-06-03 12:19:39 [info] [Enricher] 20/50 вакансій оброблено (✓1 ✗19)
2026-06-03 12:19:40 [info] [Enricher] 25/50 вакансій оброблено (✓1 ✗24)
2026-06-03 12:19:41 [info] [Enricher] 30/50 вакансій оброблено (✓1 ✗29)
2026-06-03 12:19:42 [info] [Enricher] 35/50 вакансій оброблено (✓3 ✗32)
2026-06-03 12:19:43 [info] [Enricher] 40/50 вакансій оброблено (✓7 ✗33)
2026-06-03 12:19:44 [info] [Enricher] 45/50 вакансій оброблено (✓10 ✗35)
2026-06-03 12:19:45 [info] [Enricher] 50/50 вакансій оброблено (✓15 ✗35)
2026-06-03 12:19:45 [info] [Enricher] Готово: 15 збагачено, 35 пропущено
2026-06-03 12:19:45 [info] Начинаю скоринг 50 вакансий...
2026-06-03 12:19:45 [info] Скоринг завершён. Средний score: 50%, макс: 72%
2026-06-03 12:19:45 [info] Пошук завершено. Відправляю 146 вакансій клієнту.
2026-06-03 12:22:03 [info] ═══════════════════════════════════════════
2026-06-03 12:22:03 [info] 🚀 JobHunter UA Backend запущен
2026-06-03 12:22:03 [info]    Порт: 3001
2026-06-03 12:22:03 [info]    Режим: development
2026-06-03 12:22:03 [info]    Jooble API: ✓ настроен
2026-06-03 12:22:03 [info]    Время: 03.06.2026, 12:22:03
2026-06-03 12:22:03 [info] ═══════════════════════════════════════════
2026-06-03 12:23:45 [info] ═══════════════════════════════════════════
2026-06-03 12:23:45 [info] 🚀 JobHunter UA Backend запущен
2026-06-03 12:23:45 [info]    Порт: 3001
2026-06-03 12:23:45 [info]    Режим: development
2026-06-03 12:23:45 [info]    Jooble API: ✓ настроен
2026-06-03 12:23:45 [info]    Время: 03.06.2026, 12:23:45
2026-06-03 12:23:45 [info] ═══════════════════════════════════════════
2026-06-03 12:25:22 [info] → POST /api/search
2026-06-03 12:25:22 [info] Запуск пошуку вакансій...
2026-06-03 12:25:22 [info] ═══════════════════════════════════════════
2026-06-03 12:25:22 [info] Запуск поиска по всем источникам...
2026-06-03 12:25:22 [info] Ключевые слова: "Junior Promt Engineer"
2026-06-03 12:25:22 [info] Навыки: не указаны
2026-06-03 12:25:22 [info] Город: Київ, Уровень: Junior
2026-06-03 12:25:22 [info] ═══════════════════════════════════════════
2026-06-03 12:25:22 [info] [Jooble] Начинаю поиск: keywords="Junior Promt Engineer", location="Київ"
2026-06-03 12:25:22 [info] [Work.ua] Начинаю поиск: keywords="Junior Promt Engineer", location="Київ"
2026-06-03 12:25:22 [info] [Work.ua] Запрос: https://www.work.ua/jobs-Junior+Promt+Engineer/?page=1
2026-06-03 12:25:22 [info] [Robota.ua] Начинаю поиск: keywords="Junior Promt Engineer", location="Київ"
2026-06-03 12:25:22 [info] [Robota.ua] API POST https://api.robota.ua/vacancy/search page=0
2026-06-03 12:25:22 [info] [DOU] Начинаю поиск: keywords="Junior Promt Engineer", location="Київ"
2026-06-03 12:25:22 [info] [DOU] Запит: https://jobs.dou.ua/vacancies/?search=Junior%20Promt%20Engineer
2026-06-03 12:25:22 [info] [Work.ua] Страница 1: найдено 12 вакансий
2026-06-03 12:25:22 [info] [Work.ua] Парсинг завершен, найдено 12 вакансий
2026-06-03 12:25:22 [info] [Work.ua] Найдено 12 вакансий
2026-06-03 12:25:22 [warn] [Robota.ua] API вернул 0 результатов, пробую RSS
2026-06-03 12:25:22 [info] [Robota.ua] RSS GET https://robota.ua/rss/vacancies?keyWords=Junior%20Promt%20Engineer
2026-06-03 12:25:22 [info] [DOU] Запит: https://jobs.dou.ua/first-job/
2026-06-03 12:25:22 [info] [Jooble] Запрос к API выполнен (200 OK), страница 1
2026-06-03 12:25:23 [info] [Robota.ua] RSS ответ: 4567 байт, первые 200: <!DOCTYPE html><html lang="uk"><head>
    <script>
      var dataLayer = window.dataLayer
      dataLayer = dataLayer || []
      dataLayer.push({
        'gtm.start': new Date().getTime(),
        ev
2026-06-03 12:25:23 [info] [Robota.ua] RSS распарсил 0 вакансий
2026-06-03 12:25:23 [warn] [Robota.ua] RSS также пуст
2026-06-03 12:25:23 [info] [Robota.ua] Найдено 0 вакансий
2026-06-03 12:25:23 [info] [Jooble] Запрос к API выполнен (200 OK), страница 2
2026-06-03 12:25:24 [info] [Jooble] Запрос к API выполнен (200 OK), страница 3
2026-06-03 12:25:24 [info] [Jooble] Найдено 90 вакансий
2026-06-03 12:25:25 [info] [DOU] Розділ "Перша робота": знайдено 220 вакансій
2026-06-03 12:25:25 [info] [DOU] Парсинг завершено, знайдено 220 вакансій
2026-06-03 12:25:25 [info] [DOU] Найдено 220 вакансий
2026-06-03 12:25:25 [info] ✓ Jooble: 90 вакансий
2026-06-03 12:25:25 [info] ✓ Work.ua: 12 вакансий
2026-06-03 12:25:25 [info] ✓ Robota.ua: 0 вакансий
2026-06-03 12:25:25 [info] ✓ DOU: 220 вакансий
2026-06-03 12:25:25 [info] ═══════════════════════════════════════════
2026-06-03 12:25:25 [info] Поиск завершён за 3.0с. Итого: 319 уникальных вакансий
2026-06-03 12:25:25 [info]   ✓ Jooble: 90 вакансий
2026-06-03 12:25:25 [info]   ✓ Work.ua: 12 вакансий
2026-06-03 12:25:25 [info]   ✓ Robota.ua: 0 вакансий
2026-06-03 12:25:25 [info]   ✓ DOU: 220 вакансий
2026-06-03 12:25:25 [info] ═══════════════════════════════════════════
2026-06-03 12:25:25 [info] Начинаю скоринг 319 вакансий...
2026-06-03 12:25:25 [info] Скоринг завершён. Средний score: 46%, макс: 53%
2026-06-03 12:25:25 [info] Докачую повні описи для топ-50 вакансій...
2026-06-03 12:25:25 [info] [Enricher] 5/50 вакансій оброблено (✓0 ✗5)
2026-06-03 12:25:26 [info] [Enricher] 10/50 вакансій оброблено (✓1 ✗9)
2026-06-03 12:25:27 [info] [Enricher] 15/50 вакансій оброблено (✓3 ✗12)
2026-06-03 12:25:28 [info] [Enricher] 20/50 вакансій оброблено (✓3 ✗17)
2026-06-03 12:25:29 [info] [Enricher] 25/50 вакансій оброблено (✓3 ✗22)
2026-06-03 12:25:30 [info] [Enricher] 30/50 вакансій оброблено (✓3 ✗27)
2026-06-03 12:25:31 [info] [Enricher] 35/50 вакансій оброблено (✓3 ✗32)
2026-06-03 12:25:32 [info] [Enricher] 40/50 вакансій оброблено (✓3 ✗37)
2026-06-03 12:25:33 [info] [Enricher] 45/50 вакансій оброблено (✓3 ✗42)
2026-06-03 12:25:33 [info] [Enricher] 50/50 вакансій оброблено (✓3 ✗47)
2026-06-03 12:25:33 [info] [Enricher] Готово: 3 збагачено, 47 пропущено
2026-06-03 12:25:33 [info] Начинаю скоринг 50 вакансий...
2026-06-03 12:25:33 [info] Скоринг завершён. Средний score: 48%, макс: 53%
2026-06-03 12:25:33 [info] Пошук завершено. Відправляю 316 вакансій клієнту.
2026-06-03 12:27:02 [info] → POST /api/resume/upload
2026-06-03 12:27:02 [info] Получен файл: CV_Vladyslav_Hryn (3).pdf (129.6 КБ)
2026-06-03 12:27:02 [info] Начинаю парсинг PDF: uploads\resume-1780478822828-785002732.pdf
2026-06-03 12:27:03 [info] Резюме успешно распарсено: 1 страниц(ы), 2801 символов
2026-06-03 12:27:03 [info] Начинаю извлечение данных из текста резюме...
2026-06-03 12:27:03 [info] Извлечено: позиция="Software Engineer", навыков=8, опыт=1 лет, уровень=Junior, город=Київ
2026-06-03 12:27:04 [info] → POST /api/search
2026-06-03 12:27:04 [info] Запуск пошуку вакансій...
2026-06-03 12:27:04 [info] ═══════════════════════════════════════════
2026-06-03 12:27:04 [info] Запуск поиска по всем источникам...
2026-06-03 12:27:04 [info] Ключевые слова: "Junior Software Engineer"
2026-06-03 12:27:04 [info] Навыки: Python, C#, HTML, CSS, SQL, SQLite, Git, GitHub
2026-06-03 12:27:04 [info] Город: Київ, Уровень: Junior
2026-06-03 12:27:04 [info] ═══════════════════════════════════════════
2026-06-03 12:27:04 [info] [Jooble] Начинаю поиск: keywords="Junior Software Engineer", location="Київ"
2026-06-03 12:27:04 [info] [Work.ua] Начинаю поиск: keywords="Junior Software Engineer", location="Київ"
2026-06-03 12:27:04 [info] [Work.ua] Запрос: https://www.work.ua/jobs-Junior+Software+Engineer+Python+C%23/?page=1
2026-06-03 12:27:04 [info] [Robota.ua] Начинаю поиск: keywords="Junior Software Engineer", location="Київ"
2026-06-03 12:27:04 [info] [Robota.ua] API POST https://api.robota.ua/vacancy/search page=0
2026-06-03 12:27:04 [info] [DOU] Начинаю поиск: keywords="Junior Software Engineer", location="Київ"
2026-06-03 12:27:04 [info] [DOU] Запит: https://jobs.dou.ua/vacancies/?search=Junior%20Software%20Engineer
2026-06-03 12:27:04 [info] [Work.ua] Страница 1: найдено 10 вакансий
2026-06-03 12:27:04 [info] [Work.ua] Парсинг завершен, найдено 10 вакансий
2026-06-03 12:27:04 [info] [Work.ua] Найдено 10 вакансий
2026-06-03 12:27:04 [info] [Robota.ua] Страница 0: 20 вакансий
2026-06-03 12:27:04 [info] [Jooble] Запрос к API выполнен (200 OK), страница 1
2026-06-03 12:27:05 [info] [Jooble] Запрос к API выполнен (200 OK), страница 2
2026-06-03 12:27:05 [info] [Jooble] Запрос к API выполнен (200 OK), страница 3
2026-06-03 12:27:05 [info] [Jooble] Найдено 90 вакансий
2026-06-03 12:27:06 [info] [DOU] Запит: https://jobs.dou.ua/first-job/
2026-06-03 12:27:07 [info] [Robota.ua] API POST https://api.robota.ua/vacancy/search page=1
2026-06-03 12:27:07 [info] [Robota.ua] Страница 1: 20 вакансий
2026-06-03 12:27:10 [info] [Robota.ua] API POST https://api.robota.ua/vacancy/search page=2
2026-06-03 12:27:10 [info] [DOU] Розділ "Перша робота": знайдено 220 вакансій
2026-06-03 12:27:10 [info] [DOU] Запит: https://jobs.dou.ua/vacancies/?category=Python
2026-06-03 12:27:10 [info] [Robota.ua] Страница 2: 20 вакансий
2026-06-03 12:27:10 [info] [Robota.ua] API вернул 60 вакансий
2026-06-03 12:27:10 [info] [Robota.ua] Найдено 60 вакансий
2026-06-03 12:27:12 [info] [DOU] Парсинг завершено, знайдено 248 вакансій
2026-06-03 12:27:12 [info] [DOU] Найдено 248 вакансий
2026-06-03 12:27:12 [info] ✓ Jooble: 90 вакансий
2026-06-03 12:27:12 [info] ✓ Work.ua: 10 вакансий
2026-06-03 12:27:12 [info] ✓ Robota.ua: 60 вакансий
2026-06-03 12:27:12 [info] ✓ DOU: 248 вакансий
2026-06-03 12:27:12 [info] ═══════════════════════════════════════════
2026-06-03 12:27:12 [info] Поиск завершён за 7.9с. Итого: 402 уникальных вакансий
2026-06-03 12:27:12 [info]   ✓ Jooble: 90 вакансий
2026-06-03 12:27:12 [info]   ✓ Work.ua: 10 вакансий
2026-06-03 12:27:12 [info]   ✓ Robota.ua: 60 вакансий
2026-06-03 12:27:12 [info]   ✓ DOU: 248 вакансий
2026-06-03 12:27:12 [info] ═══════════════════════════════════════════
2026-06-03 12:27:12 [info] Начинаю скоринг 402 вакансий...
2026-06-03 12:27:12 [info] Скоринг завершён. Средний score: 28%, макс: 57%
2026-06-03 12:27:12 [info] Докачую повні описи для топ-50 вакансій...
2026-06-03 12:27:12 [info] [Enricher] 5/50 вакансій оброблено (✓2 ✗3)
2026-06-03 12:27:13 [info] [Enricher] 10/50 вакансій оброблено (✓3 ✗7)
2026-06-03 12:27:14 [info] [Enricher] 15/50 вакансій оброблено (✓3 ✗12)
2026-06-03 12:27:15 [info] [Enricher] 20/50 вакансій оброблено (✓3 ✗17)
2026-06-03 12:27:16 [info] [Enricher] 25/50 вакансій оброблено (✓3 ✗22)
2026-06-03 12:27:17 [info] [Enricher] 30/50 вакансій оброблено (✓3 ✗27)
2026-06-03 12:27:18 [info] [Enricher] 35/50 вакансій оброблено (✓5 ✗30)
2026-06-03 12:27:19 [info] [Enricher] 40/50 вакансій оброблено (✓8 ✗32)
2026-06-03 12:27:20 [info] [Enricher] 45/50 вакансій оброблено (✓12 ✗33)
2026-06-03 12:27:22 [info] [Enricher] 50/50 вакансій оброблено (✓17 ✗33)
2026-06-03 12:27:22 [info] [Enricher] Готово: 17 збагачено, 33 пропущено
2026-06-03 12:27:22 [info] Начинаю скоринг 50 вакансий...
2026-06-03 12:27:22 [info] Скоринг завершён. Средний score: 47%, макс: 68%
2026-06-03 12:27:22 [info] Пошук завершено. Відправляю 364 вакансій клієнту.
2026-06-03 12:27:56 [info] ═══════════════════════════════════════════
2026-06-03 12:27:56 [info] 🚀 JobHunter UA Backend запущен
2026-06-03 12:27:56 [info]    Порт: 3001
2026-06-03 12:27:56 [info]    Режим: development
2026-06-03 12:27:56 [info]    Jooble API: ✓ настроен
2026-06-03 12:27:56 [info]    Время: 03.06.2026, 12:27:56
2026-06-03 12:27:56 [info] ═══════════════════════════════════════════
2026-06-03 12:28:20 [info] → POST /api/resume/upload
2026-06-03 12:28:20 [info] Получен файл: CV_Vladyslav_Hryn (3).pdf (129.6 КБ)
2026-06-03 12:28:20 [info] Начинаю парсинг PDF: uploads\resume-1780478900279-247120067.pdf
2026-06-03 12:28:20 [info] Резюме успешно распарсено: 1 страниц(ы), 2801 символов
2026-06-03 12:28:20 [info] Начинаю извлечение данных из текста резюме...
2026-06-03 12:28:20 [info] Извлечено: позиция="Software Engineer", навыков=8, опыт=1 лет, уровень=Junior, город=Київ
2026-06-03 12:28:21 [info] → POST /api/search
2026-06-03 12:28:21 [info] Запуск пошуку вакансій...
2026-06-03 12:28:21 [info] ═══════════════════════════════════════════
2026-06-03 12:28:21 [info] Запуск поиска по всем источникам...
2026-06-03 12:28:21 [info] Ключевые слова: "Junior Software Engineer"
2026-06-03 12:28:21 [info] Навыки: Python, C#, HTML, CSS, SQL, SQLite, Git, GitHub
2026-06-03 12:28:21 [info] Город: Київ, Уровень: Junior
2026-06-03 12:28:21 [info] ═══════════════════════════════════════════
2026-06-03 12:28:21 [info] [Jooble] Начинаю поиск: keywords="Junior Software Engineer", location="Київ"
2026-06-03 12:28:21 [info] [Work.ua] Начинаю поиск: keywords="Junior Software Engineer", location="Київ"
2026-06-03 12:28:21 [info] [Work.ua] Запрос: https://www.work.ua/jobs-Junior+Software+Engineer+Python+C%23/?page=1
2026-06-03 12:28:21 [info] [Robota.ua] Начинаю поиск: keywords="Junior Software Engineer", location="Київ"
2026-06-03 12:28:21 [info] [Robota.ua] API POST https://api.robota.ua/vacancy/search page=0
2026-06-03 12:28:21 [info] [DOU] Начинаю поиск: keywords="Junior Software Engineer", location="Київ"
2026-06-03 12:28:21 [info] [DOU] Запит: https://jobs.dou.ua/vacancies/?search=Junior%20Software%20Engineer
2026-06-03 12:28:21 [info] [Robota.ua] Страница 0: 20 вакансий
2026-06-03 12:28:21 [info] [Jooble] Запрос к API выполнен (200 OK), страница 1
2026-06-03 12:28:21 [info] [Work.ua] Страница 1: найдено 10 вакансий
2026-06-03 12:28:21 [info] [Work.ua] Парсинг завершен, найдено 10 вакансий
2026-06-03 12:28:21 [info] [Work.ua] Найдено 10 вакансий
2026-06-03 12:28:22 [info] [Jooble] Запрос к API выполнен (200 OK), страница 2
2026-06-03 12:28:22 [info] [Jooble] Запрос к API выполнен (200 OK), страница 3
2026-06-03 12:28:22 [info] [Jooble] Найдено 90 вакансий
2026-06-03 12:28:23 [info] [Robota.ua] API POST https://api.robota.ua/vacancy/search page=1
2026-06-03 12:28:23 [info] [Robota.ua] Страница 1: 20 вакансий
2026-06-03 12:28:23 [info] [DOU] Запит: https://jobs.dou.ua/first-job/
2026-06-03 12:28:25 [info] [Robota.ua] API POST https://api.robota.ua/vacancy/search page=2
2026-06-03 12:28:26 [info] [Robota.ua] Страница 2: 20 вакансий
2026-06-03 12:28:26 [info] [Robota.ua] API вернул 60 вакансий
2026-06-03 12:28:26 [info] [Robota.ua] Найдено 60 вакансий
2026-06-03 12:28:26 [info] [DOU] Розділ "Перша робота": знайдено 220 вакансій
2026-06-03 12:28:26 [info] [DOU] Запит: https://jobs.dou.ua/vacancies/?category=Python
2026-06-03 12:28:29 [info] [DOU] Парсинг завершено, знайдено 248 вакансій
2026-06-03 12:28:29 [info] [DOU] Найдено 248 вакансий
2026-06-03 12:28:29 [info] ✓ Jooble: 90 вакансий
2026-06-03 12:28:29 [info] ✓ Work.ua: 10 вакансий
2026-06-03 12:28:29 [info] ✓ Robota.ua: 60 вакансий
2026-06-03 12:28:29 [info] ✓ DOU: 248 вакансий
2026-06-03 12:28:29 [info] ═══════════════════════════════════════════
2026-06-03 12:28:29 [info] Поиск завершён за 8.4с. Итого: 402 уникальных вакансий
2026-06-03 12:28:29 [info]   ✓ Jooble: 90 вакансий
2026-06-03 12:28:29 [info]   ✓ Work.ua: 10 вакансий
2026-06-03 12:28:29 [info]   ✓ Robota.ua: 60 вакансий
2026-06-03 12:28:29 [info]   ✓ DOU: 248 вакансий
2026-06-03 12:28:29 [info] ═══════════════════════════════════════════
2026-06-03 12:28:29 [info] Начинаю скоринг 402 вакансий...
2026-06-03 12:28:29 [info] Скоринг завершён. Средний score: 28%, макс: 57%
2026-06-03 12:28:29 [info] Докачую повні описи для топ-50 вакансій...
2026-06-03 12:28:30 [info] [Enricher] 5/50 вакансій оброблено (✓2 ✗3)
2026-06-03 12:28:31 [info] [Enricher] 10/50 вакансій оброблено (✓3 ✗7)
2026-06-03 12:28:31 [info] [Enricher] 15/50 вакансій оброблено (✓3 ✗12)
2026-06-03 12:28:32 [info] [Enricher] 20/50 вакансій оброблено (✓3 ✗17)
2026-06-03 12:28:33 [info] [Enricher] 25/50 вакансій оброблено (✓3 ✗22)
2026-06-03 12:28:34 [info] [Enricher] 30/50 вакансій оброблено (✓3 ✗27)
2026-06-03 12:28:35 [info] [Enricher] 35/50 вакансій оброблено (✓5 ✗30)
2026-06-03 12:28:36 [info] [Enricher] 40/50 вакансій оброблено (✓8 ✗32)
2026-06-03 12:28:37 [info] [Enricher] 45/50 вакансій оброблено (✓12 ✗33)
2026-06-03 12:28:38 [info] [Enricher] 50/50 вакансій оброблено (✓17 ✗33)
2026-06-03 12:28:38 [info] [Enricher] Готово: 17 збагачено, 33 пропущено
2026-06-03 12:28:38 [info] Начинаю скоринг 50 вакансий...
2026-06-03 12:28:38 [info] Скоринг завершён. Средний score: 47%, макс: 68%
2026-06-03 12:28:38 [info] Пошук завершено. Відправляю 364 вакансій клієнту.
2026-06-03 12:40:48 [info] ═══════════════════════════════════════════
2026-06-03 12:40:48 [info] 🚀 JobHunter UA Backend запущен
2026-06-03 12:40:48 [info]    Порт: 3001
2026-06-03 12:40:48 [info]    Режим: development
2026-06-03 12:40:48 [info]    Jooble API: ✓ настроен
2026-06-03 12:40:48 [info]    Время: 03.06.2026, 12:40:48
2026-06-03 12:40:48 [info] ═══════════════════════════════════════════
2026-06-03 12:59:15 [info] → POST /api/resume/upload
2026-06-03 12:59:15 [info] Получен файл: CV_Vladyslav_Hryn (3).pdf (129.6 КБ)
2026-06-03 12:59:15 [info] Начинаю парсинг PDF: uploads\resume-1780480755036-967364061.pdf
2026-06-03 12:59:15 [info] Резюме успешно распарсено: 1 страниц(ы), 2801 символов
2026-06-03 12:59:15 [info] Начинаю извлечение данных из текста резюме...
2026-06-03 12:59:15 [info] Извлечено: позиция="Software Engineer", навыков=8, опыт=1 лет, уровень=Junior, город=Київ
2026-06-03 12:59:15 [info] → POST /api/search
2026-06-03 12:59:15 [info] Запуск пошуку вакансій...
2026-06-03 12:59:15 [info] ═══════════════════════════════════════════
2026-06-03 12:59:15 [info] Запуск поиска по всем источникам...
2026-06-03 12:59:15 [info] Ключевые слова: "Junior Software Engineer"
2026-06-03 12:59:15 [info] Навыки: Python, C#, HTML, CSS, SQL, SQLite, Git, GitHub
2026-06-03 12:59:15 [info] Город: Київ, Уровень: Junior
2026-06-03 12:59:15 [info] ═══════════════════════════════════════════
2026-06-03 12:59:15 [info] [Jooble] Начинаю поиск: keywords="Junior Software Engineer", location="Київ"
2026-06-03 12:59:16 [info] [Work.ua] Начинаю поиск: keywords="Junior Software Engineer", location="Київ"
2026-06-03 12:59:16 [info] [Work.ua] Запрос: https://www.work.ua/jobs-Junior+Software+Engineer+Python+C%23/?page=1
2026-06-03 12:59:16 [info] [Robota.ua] Начинаю поиск: keywords="Junior Software Engineer", location="Київ"
2026-06-03 12:59:16 [info] [Robota.ua] API POST https://api.robota.ua/vacancy/search page=0
2026-06-03 12:59:16 [info] [DOU] Начинаю поиск: keywords="Junior Software Engineer", location="Київ"
2026-06-03 12:59:16 [info] [DOU] Запит: https://jobs.dou.ua/vacancies/?search=Junior%20Software%20Engineer
2026-06-03 12:59:16 [info] [Work.ua] Страница 1: найдено 10 вакансий
2026-06-03 12:59:16 [info] [Work.ua] Парсинг завершен, найдено 10 вакансий
2026-06-03 12:59:16 [info] [Work.ua] Найдено 10 вакансий
2026-06-03 12:59:16 [info] [Robota.ua] Страница 0: 20 вакансий
2026-06-03 12:59:16 [info] [Jooble] Запрос к API выполнен (200 OK), страница 1
2026-06-03 12:59:16 [info] [Jooble] Запрос к API выполнен (200 OK), страница 2
2026-06-03 12:59:17 [info] [Jooble] Запрос к API выполнен (200 OK), страница 3
2026-06-03 12:59:17 [info] [Jooble] Найдено 90 вакансий
2026-06-03 12:59:18 [info] [DOU] Запит: https://jobs.dou.ua/first-job/
2026-06-03 12:59:18 [info] [Robota.ua] API POST https://api.robota.ua/vacancy/search page=1
2026-06-03 12:59:18 [info] [Robota.ua] Страница 1: 20 вакансий
2026-06-03 12:59:21 [info] [Robota.ua] API POST https://api.robota.ua/vacancy/search page=2
2026-06-03 12:59:21 [info] [DOU] Розділ "Перша робота": знайдено 220 вакансій
2026-06-03 12:59:21 [info] [DOU] Запит: https://jobs.dou.ua/vacancies/?category=Python
2026-06-03 12:59:21 [info] [Robota.ua] Страница 2: 20 вакансий
2026-06-03 12:59:21 [info] [Robota.ua] API вернул 60 вакансий
2026-06-03 12:59:21 [info] [Robota.ua] Найдено 60 вакансий
2026-06-03 12:59:23 [info] [DOU] Парсинг завершено, знайдено 248 вакансій
2026-06-03 12:59:23 [info] [DOU] Найдено 248 вакансий
2026-06-03 12:59:23 [info] ✓ Jooble: 90 вакансий
2026-06-03 12:59:23 [info] ✓ Work.ua: 10 вакансий
2026-06-03 12:59:23 [info] ✓ Robota.ua: 60 вакансий
2026-06-03 12:59:23 [info] ✓ DOU: 248 вакансий
2026-06-03 12:59:23 [info] ═══════════════════════════════════════════
2026-06-03 12:59:23 [info] Поиск завершён за 8.0с. Итого: 402 уникальных вакансий
2026-06-03 12:59:23 [info]   ✓ Jooble: 90 вакансий
2026-06-03 12:59:23 [info]   ✓ Work.ua: 10 вакансий
2026-06-03 12:59:23 [info]   ✓ Robota.ua: 60 вакансий
2026-06-03 12:59:23 [info]   ✓ DOU: 248 вакансий
2026-06-03 12:59:23 [info] ═══════════════════════════════════════════
2026-06-03 12:59:24 [info] Начинаю скоринг 402 вакансий...
2026-06-03 12:59:24 [info] Скоринг завершён. Средний score: 28%, макс: 57%
2026-06-03 12:59:24 [info] Докачую повні описи для топ-50 вакансій...
2026-06-03 12:59:24 [info] [Enricher] 5/50 вакансій оброблено (✓2 ✗3)
2026-06-03 12:59:25 [info] [Enricher] 10/50 вакансій оброблено (✓3 ✗7)
2026-06-03 12:59:26 [info] [Enricher] 15/50 вакансій оброблено (✓3 ✗12)
2026-06-03 12:59:27 [info] [Enricher] 20/50 вакансій оброблено (✓3 ✗17)
2026-06-03 12:59:28 [info] [Enricher] 25/50 вакансій оброблено (✓3 ✗22)
2026-06-03 12:59:28 [info] [Enricher] 30/50 вакансій оброблено (✓3 ✗27)
2026-06-03 12:59:30 [info] [Enricher] 35/50 вакансій оброблено (✓5 ✗30)
2026-06-03 12:59:31 [info] [Enricher] 40/50 вакансій оброблено (✓8 ✗32)
2026-06-03 12:59:32 [info] [Enricher] 45/50 вакансій оброблено (✓12 ✗33)
2026-06-03 12:59:33 [info] [Enricher] 50/50 вакансій оброблено (✓17 ✗33)
2026-06-03 12:59:33 [info] [Enricher] Готово: 17 збагачено, 33 пропущено
2026-06-03 12:59:33 [info] Начинаю скоринг 50 вакансий...
2026-06-03 12:59:33 [info] Скоринг завершён. Средний score: 48%, макс: 68%
2026-06-03 12:59:33 [info] Пошук завершено. Відправляю 364 вакансій клієнту.
2026-06-03 13:32:13 [info] ═══════════════════════════════════════════
2026-06-03 13:32:13 [info] 🚀 JobHunter UA Backend запущен
2026-06-03 13:32:13 [info]    Порт: 3001
2026-06-03 13:32:13 [info]    Режим: development
2026-06-03 13:32:13 [info]    Jooble API: ✓ настроен
2026-06-03 13:32:13 [info]    Время: 03.06.2026, 13:32:13
2026-06-03 13:32:13 [info] ═══════════════════════════════════════════
2026-06-03 13:45:22 [info] ═══════════════════════════════════════════
2026-06-03 13:45:22 [info] 🚀 JobHunter UA Backend запущен
2026-06-03 13:45:22 [info]    Порт: 3001
2026-06-03 13:45:22 [info]    Режим: development
2026-06-03 13:45:22 [info]    Jooble API: ✓ настроен
2026-06-03 13:45:22 [info]    Время: 03.06.2026, 13:45:22
2026-06-03 13:45:22 [info] ═══════════════════════════════════════════
2026-06-03 13:45:28 [info] → POST /api/resume/upload
2026-06-03 13:45:28 [info] Получен файл: CV_Vladyslav_Hryn (3).pdf (129.6 КБ)
2026-06-03 13:45:28 [info] Начинаю парсинг PDF: uploads\resume-1780483528593-781008351.pdf
2026-06-03 13:45:28 [info] Резюме успешно распарсено: 1 страниц(ы), 2801 символов
2026-06-03 13:45:28 [info] Начинаю извлечение данных из текста резюме...
2026-06-03 13:45:28 [info] Извлечено: позиция="Software Engineer", навыков=8, опыт=1 лет, уровень=Junior, город=Київ
2026-06-03 13:49:41 [info] ═══════════════════════════════════════════
2026-06-03 13:49:41 [info] 🚀 JobHunter UA Backend запущен
2026-06-03 13:49:41 [info]    Порт: 3001
2026-06-03 13:49:41 [info]    Режим: development
2026-06-03 13:49:41 [info]    Jooble API: ✓ настроен
2026-06-03 13:49:41 [info]    Время: 03.06.2026, 13:49:41
2026-06-03 13:49:41 [info] ═══════════════════════════════════════════
2026-06-03 13:49:45 [info] → POST /api/resume/upload
2026-06-03 13:49:45 [info] Получен файл: CV_Vladyslav_Hryn (3).pdf (129.6 КБ)
2026-06-03 13:49:45 [info] Начинаю парсинг PDF: uploads\resume-1780483785617-884488863.pdf
2026-06-03 13:49:45 [info] Резюме успешно распарсено: 1 страниц(ы), 2801 символов
2026-06-03 13:49:45 [info] Начинаю извлечение данных из текста резюме...
2026-06-03 13:49:45 [info] Извлечено: позиция="Software Engineer", навыков=8, опыт=1 лет, уровень=Junior, город=Київ
2026-06-03 13:49:50 [info] → POST /api/search
2026-06-03 13:49:50 [info] Запуск пошуку вакансій...
2026-06-03 13:49:50 [info] ═══════════════════════════════════════════
2026-06-03 13:49:50 [info] Запуск поиска по всем источникам...
2026-06-03 13:49:50 [info] Ключевые слова: "Junior Software Engineer"
2026-06-03 13:49:50 [info] Навыки: Python, C#, HTML, CSS, SQL, SQLite, Git, GitHub
2026-06-03 13:49:50 [info] Город: Київ, Уровень: Junior
2026-06-03 13:49:50 [info] ═══════════════════════════════════════════
2026-06-03 13:49:50 [info] [Jooble] Начинаю поиск: keywords="Junior Software Engineer", location="Київ"
2026-06-03 13:49:50 [info] [Work.ua] Начинаю поиск: keywords="Junior Software Engineer", location="Київ"
2026-06-03 13:49:50 [info] [Work.ua] Запрос: https://www.work.ua/jobs-Junior+Software+Engineer+Python+C%23/?page=1
2026-06-03 13:49:50 [info] [Robota.ua] Начинаю поиск: keywords="Junior Software Engineer", location="Київ"
2026-06-03 13:49:50 [info] [Robota.ua] API POST https://api.robota.ua/vacancy/search page=0
2026-06-03 13:49:51 [info] [DOU] Начинаю поиск: keywords="Junior Software Engineer", location="Київ"
2026-06-03 13:49:51 [info] [DOU] Запит: https://jobs.dou.ua/vacancies/?search=Junior%20Software%20Engineer
2026-06-03 13:49:51 [info] [Robota.ua] Страница 0: 20 вакансий
2026-06-03 13:49:51 [info] [Work.ua] Страница 1: найдено 10 вакансий
2026-06-03 13:49:51 [info] [Work.ua] Парсинг завершен, найдено 10 вакансий
2026-06-03 13:49:51 [info] [Work.ua] Найдено 10 вакансий
2026-06-03 13:49:51 [info] [Jooble] Запрос к API выполнен (200 OK), страница 1
2026-06-03 13:49:51 [info] [Jooble] Запрос к API выполнен (200 OK), страница 2
2026-06-03 13:49:52 [info] [Jooble] Запрос к API выполнен (200 OK), страница 3
2026-06-03 13:49:52 [info] [Jooble] Найдено 90 вакансий
2026-06-03 13:49:52 [info] [DOU] Запит: https://jobs.dou.ua/first-job/
2026-06-03 13:49:53 [info] [Robota.ua] API POST https://api.robota.ua/vacancy/search page=1
2026-06-03 13:49:53 [info] [Robota.ua] Страница 1: 20 вакансий
2026-06-03 13:49:56 [info] [DOU] Розділ "Перша робота": знайдено 221 вакансій
2026-06-03 13:49:56 [info] [DOU] Запит: https://jobs.dou.ua/vacancies/?category=Python
2026-06-03 13:49:56 [info] [Robota.ua] API POST https://api.robota.ua/vacancy/search page=2
2026-06-03 13:49:56 [info] [Robota.ua] Страница 2: 20 вакансий
2026-06-03 13:49:56 [info] [Robota.ua] API вернул 60 вакансий
2026-06-03 13:49:56 [info] [Robota.ua] Найдено 60 вакансий
2026-06-03 13:49:58 [info] [DOU] Парсинг завершено, знайдено 249 вакансій
2026-06-03 13:49:58 [info] [DOU] Найдено 249 вакансий
2026-06-03 13:49:58 [info] ✓ Jooble: 90 вакансий
2026-06-03 13:49:58 [info] ✓ Work.ua: 10 вакансий
2026-06-03 13:49:58 [info] ✓ Robota.ua: 60 вакансий
2026-06-03 13:49:58 [info] ✓ DOU: 249 вакансий
2026-06-03 13:49:58 [info] ═══════════════════════════════════════════
2026-06-03 13:49:58 [info] Поиск завершён за 7.8с. Итого: 403 уникальных вакансий
2026-06-03 13:49:58 [info]   ✓ Jooble: 90 вакансий
2026-06-03 13:49:58 [info]   ✓ Work.ua: 10 вакансий
2026-06-03 13:49:58 [info]   ✓ Robota.ua: 60 вакансий
2026-06-03 13:49:58 [info]   ✓ DOU: 249 вакансий
2026-06-03 13:49:58 [info] ═══════════════════════════════════════════
2026-06-03 13:49:58 [info] Начинаю скоринг 403 вакансий...
2026-06-03 13:49:58 [info] Скоринг завершён. Средний score: 28%, макс: 57%
2026-06-03 13:49:58 [info] Докачую повні описи для топ-50 вакансій...
2026-06-03 13:49:59 [info] [Enricher] 5/50 вакансій оброблено (✓2 ✗3)
2026-06-03 13:49:59 [info] [Enricher] 10/50 вакансій оброблено (✓3 ✗7)
2026-06-03 13:50:00 [info] [Enricher] 15/50 вакансій оброблено (✓3 ✗12)
2026-06-03 13:50:01 [info] [Enricher] 20/50 вакансій оброблено (✓3 ✗17)
2026-06-03 13:50:02 [info] [Enricher] 25/50 вакансій оброблено (✓3 ✗22)
2026-06-03 13:50:03 [info] [Enricher] 30/50 вакансій оброблено (✓3 ✗27)
2026-06-03 13:50:05 [info] [Enricher] 35/50 вакансій оброблено (✓5 ✗30)
2026-06-03 13:50:06 [info] [Enricher] 40/50 вакансій оброблено (✓8 ✗32)
2026-06-03 13:50:07 [info] [Enricher] 45/50 вакансій оброблено (✓12 ✗33)
2026-06-03 13:50:08 [info] [Enricher] 50/50 вакансій оброблено (✓17 ✗33)
2026-06-03 13:50:08 [info] [Enricher] Готово: 17 збагачено, 33 пропущено
2026-06-03 13:50:08 [info] Начинаю скоринг 50 вакансий...
2026-06-03 13:50:08 [info] Скоринг завершён. Средний score: 48%, макс: 68%
2026-06-03 13:50:08 [info] Пошук завершено. Відправляю 365 вакансій клієнту.
2026-06-03 13:59:54 [info] → POST /api/resume/upload
2026-06-03 13:59:54 [info] Получен файл: CV_Vladyslav_Hryn (3).pdf (129.6 КБ)
2026-06-03 13:59:54 [info] Начинаю парсинг PDF: uploads\resume-1780484394486-434094060.pdf
2026-06-03 13:59:54 [info] Резюме успешно распарсено: 1 страниц(ы), 2801 символов
2026-06-03 13:59:54 [info] Начинаю извлечение данных из текста резюме...
2026-06-03 13:59:54 [info] Извлечено: позиция="Software Engineer", навыков=8, опыт=1 лет, уровень=Junior, город=Київ
2026-06-03 13:59:57 [info] → POST /api/search
2026-06-03 13:59:57 [info] Запуск пошуку вакансій...
2026-06-03 13:59:57 [info] ═══════════════════════════════════════════
2026-06-03 13:59:57 [info] Запуск поиска по всем источникам...
2026-06-03 13:59:57 [info] Ключевые слова: "Junior Software Engineer"
2026-06-03 13:59:57 [info] Навыки: Python, C#, HTML, CSS, SQL, SQLite, Git, GitHub
2026-06-03 13:59:57 [info] Город: Київ, Уровень: Junior
2026-06-03 13:59:57 [info] ═══════════════════════════════════════════
2026-06-03 13:59:57 [info] [Jooble] Начинаю поиск: keywords="Junior Software Engineer", location="Київ"
2026-06-03 13:59:57 [info] [Work.ua] Начинаю поиск: keywords="Junior Software Engineer", location="Київ"
2026-06-03 13:59:57 [info] [Work.ua] Запрос: https://www.work.ua/jobs-Junior+Software+Engineer+Python+C%23/?page=1
2026-06-03 13:59:57 [info] [Robota.ua] Начинаю поиск: keywords="Junior Software Engineer", location="Київ"
2026-06-03 13:59:57 [info] [Robota.ua] API POST https://api.robota.ua/vacancy/search page=0
2026-06-03 13:59:57 [info] [DOU] Начинаю поиск: keywords="Junior Software Engineer", location="Київ"
2026-06-03 13:59:57 [info] [DOU] Запит: https://jobs.dou.ua/vacancies/?search=Junior%20Software%20Engineer
2026-06-03 13:59:58 [info] [Work.ua] Страница 1: найдено 10 вакансий
2026-06-03 13:59:58 [info] [Work.ua] Парсинг завершен, найдено 10 вакансий
2026-06-03 13:59:58 [info] [Work.ua] Найдено 10 вакансий
2026-06-03 13:59:58 [info] [Robota.ua] Страница 0: 20 вакансий
2026-06-03 13:59:59 [info] [Jooble] Запрос к API выполнен (200 OK), страница 1
2026-06-03 13:59:59 [info] [Jooble] Запрос к API выполнен (200 OK), страница 2
2026-06-03 14:00:00 [info] [Jooble] Запрос к API выполнен (200 OK), страница 3
2026-06-03 14:00:00 [info] [Jooble] Найдено 90 вакансий
2026-06-03 14:00:00 [info] [Robota.ua] API POST https://api.robota.ua/vacancy/search page=1
2026-06-03 14:00:00 [info] [Robota.ua] Страница 1: 20 вакансий
2026-06-03 14:00:01 [info] [DOU] Запит: https://jobs.dou.ua/first-job/
2026-06-03 14:00:02 [info] [Robota.ua] API POST https://api.robota.ua/vacancy/search page=2
2026-06-03 14:00:02 [info] [Robota.ua] Страница 2: 20 вакансий
2026-06-03 14:00:02 [info] [Robota.ua] API вернул 60 вакансий
2026-06-03 14:00:02 [info] [Robota.ua] Найдено 60 вакансий
2026-06-03 14:00:04 [info] [DOU] Розділ "Перша робота": знайдено 221 вакансій
2026-06-03 14:00:04 [info] [DOU] Запит: https://jobs.dou.ua/vacancies/?category=Python
2026-06-03 14:00:06 [info] [DOU] Парсинг завершено, знайдено 249 вакансій
2026-06-03 14:00:06 [info] [DOU] Найдено 249 вакансий
2026-06-03 14:00:06 [info] ✓ Jooble: 90 вакансий
2026-06-03 14:00:06 [info] ✓ Work.ua: 10 вакансий
2026-06-03 14:00:06 [info] ✓ Robota.ua: 60 вакансий
2026-06-03 14:00:06 [info] ✓ DOU: 249 вакансий
2026-06-03 14:00:06 [info] ═══════════════════════════════════════════
2026-06-03 14:00:06 [info] Поиск завершён за 8.4с. Итого: 403 уникальных вакансий
2026-06-03 14:00:06 [info]   ✓ Jooble: 90 вакансий
2026-06-03 14:00:06 [info]   ✓ Work.ua: 10 вакансий
2026-06-03 14:00:06 [info]   ✓ Robota.ua: 60 вакансий
2026-06-03 14:00:06 [info]   ✓ DOU: 249 вакансий
2026-06-03 14:00:06 [info] ═══════════════════════════════════════════
2026-06-03 14:00:06 [info] Начинаю скоринг 403 вакансий...
2026-06-03 14:00:06 [info] Скоринг завершён. Средний score: 28%, макс: 57%
2026-06-03 14:00:06 [info] Докачую повні описи для топ-50 вакансій...
2026-06-03 14:00:06 [info] [Enricher] 5/50 вакансій оброблено (✓2 ✗3)
2026-06-03 14:00:07 [info] [Enricher] 10/50 вакансій оброблено (✓3 ✗7)
2026-06-03 14:00:08 [info] [Enricher] 15/50 вакансій оброблено (✓3 ✗12)
2026-06-03 14:00:09 [info] [Enricher] 20/50 вакансій оброблено (✓3 ✗17)
2026-06-03 14:00:10 [info] [Enricher] 25/50 вакансій оброблено (✓3 ✗22)
2026-06-03 14:00:11 [info] [Enricher] 30/50 вакансій оброблено (✓3 ✗27)
2026-06-03 14:00:12 [info] [Enricher] 35/50 вакансій оброблено (✓5 ✗30)
2026-06-03 14:00:13 [info] [Enricher] 40/50 вакансій оброблено (✓8 ✗32)
2026-06-03 14:00:14 [info] [Enricher] 45/50 вакансій оброблено (✓12 ✗33)
2026-06-03 14:00:15 [info] [Enricher] 50/50 вакансій оброблено (✓17 ✗33)
2026-06-03 14:00:15 [info] [Enricher] Готово: 17 збагачено, 33 пропущено
2026-06-03 14:00:15 [info] Начинаю скоринг 50 вакансий...
2026-06-03 14:00:15 [info] Скоринг завершён. Средний score: 48%, макс: 68%
2026-06-03 14:00:15 [info] Пошук завершено. Відправляю 365 вакансій клієнту.
2026-06-03 14:01:09 [info] → POST /api/resume/upload
2026-06-03 14:01:09 [info] Получен файл: CV_Vladyslav_Hryn (3).pdf (129.6 КБ)
2026-06-03 14:01:09 [info] Начинаю парсинг PDF: uploads\resume-1780484469697-487977833.pdf
2026-06-03 14:01:09 [info] Резюме успешно распарсено: 1 страниц(ы), 2801 символов
2026-06-03 14:01:09 [info] Начинаю извлечение данных из текста резюме...
2026-06-03 14:01:09 [info] Извлечено: позиция="Software Engineer", навыков=8, опыт=1 лет, уровень=Junior, город=Київ
2026-06-03 14:01:37 [info] → POST /api/search
2026-06-03 14:01:37 [info] Запуск пошуку вакансій...
2026-06-03 14:01:37 [info] ═══════════════════════════════════════════
2026-06-03 14:01:37 [info] Запуск поиска по всем источникам...
2026-06-03 14:01:37 [info] Ключевые слова: "Junior Software Engineer"
2026-06-03 14:01:37 [info] Навыки: Python, C#, HTML, CSS, SQL, SQLite, Git, GitHub
2026-06-03 14:01:37 [info] Город: Київ, Уровень: Junior
2026-06-03 14:01:37 [info] ═══════════════════════════════════════════
2026-06-03 14:01:37 [info] [Jooble] Начинаю поиск: keywords="Junior Software Engineer", location="Київ"
2026-06-03 14:01:37 [info] [Work.ua] Начинаю поиск: keywords="Junior Software Engineer", location="Київ"
2026-06-03 14:01:37 [info] [Work.ua] Запрос: https://www.work.ua/jobs-Junior+Software+Engineer+Python+C%23/?page=1
2026-06-03 14:01:37 [info] [Robota.ua] Начинаю поиск: keywords="Junior Software Engineer", location="Київ"
2026-06-03 14:01:37 [info] [Robota.ua] API POST https://api.robota.ua/vacancy/search page=0
2026-06-03 14:01:37 [info] [DOU] Начинаю поиск: keywords="Junior Software Engineer", location="Київ"
2026-06-03 14:01:37 [info] [DOU] Запит: https://jobs.dou.ua/vacancies/?search=Junior%20Software%20Engineer
2026-06-03 14:01:38 [info] [Work.ua] Страница 1: найдено 10 вакансий
2026-06-03 14:01:38 [info] [Work.ua] Парсинг завершен, найдено 10 вакансий
2026-06-03 14:01:38 [info] [Work.ua] Найдено 10 вакансий
2026-06-03 14:01:38 [info] [Robota.ua] Страница 0: 20 вакансий
2026-06-03 14:01:38 [info] [Jooble] Запрос к API выполнен (200 OK), страница 1
2026-06-03 14:01:38 [info] [Jooble] Запрос к API выполнен (200 OK), страница 2
2026-06-03 14:01:38 [info] [Jooble] Запрос к API выполнен (200 OK), страница 3
2026-06-03 14:01:38 [info] [Jooble] Найдено 90 вакансий
2026-06-03 14:01:39 [info] [Robota.ua] API POST https://api.robota.ua/vacancy/search page=1
2026-06-03 14:01:39 [info] [Robota.ua] Страница 1: 20 вакансий
2026-06-03 14:01:40 [info] [DOU] Запит: https://jobs.dou.ua/first-job/
2026-06-03 14:01:42 [info] [Robota.ua] API POST https://api.robota.ua/vacancy/search page=2
2026-06-03 14:01:42 [info] [Robota.ua] Страница 2: 20 вакансий
2026-06-03 14:01:42 [info] [Robota.ua] API вернул 60 вакансий
2026-06-03 14:01:42 [info] [Robota.ua] Найдено 60 вакансий
2026-06-03 14:01:43 [info] [DOU] Розділ "Перша робота": знайдено 221 вакансій
2026-06-03 14:01:43 [info] [DOU] Запит: https://jobs.dou.ua/vacancies/?category=Python
2026-06-03 14:01:46 [info] [DOU] Парсинг завершено, знайдено 249 вакансій
2026-06-03 14:01:46 [info] [DOU] Найдено 249 вакансий
2026-06-03 14:01:46 [info] ✓ Jooble: 90 вакансий
2026-06-03 14:01:46 [info] ✓ Work.ua: 10 вакансий
2026-06-03 14:01:46 [info] ✓ Robota.ua: 60 вакансий
2026-06-03 14:01:46 [info] ✓ DOU: 249 вакансий
2026-06-03 14:01:46 [info] ═══════════════════════════════════════════
2026-06-03 14:01:46 [info] Поиск завершён за 9.1с. Итого: 402 уникальных вакансий
2026-06-03 14:01:46 [info]   ✓ Jooble: 90 вакансий
2026-06-03 14:01:46 [info]   ✓ Work.ua: 10 вакансий
2026-06-03 14:01:46 [info]   ✓ Robota.ua: 60 вакансий
2026-06-03 14:01:46 [info]   ✓ DOU: 249 вакансий
2026-06-03 14:01:46 [info] ═══════════════════════════════════════════
2026-06-03 14:01:46 [info] Начинаю скоринг 402 вакансий...
2026-06-03 14:01:46 [info] Скоринг завершён. Средний score: 28%, макс: 57%
2026-06-03 14:01:46 [info] Докачую повні описи для топ-50 вакансій...
2026-06-03 14:01:47 [info] [Enricher] 5/50 вакансій оброблено (✓2 ✗3)
2026-06-03 14:01:48 [info] [Enricher] 10/50 вакансій оброблено (✓3 ✗7)
2026-06-03 14:01:49 [info] [Enricher] 15/50 вакансій оброблено (✓3 ✗12)
2026-06-03 14:01:49 [info] [Enricher] 20/50 вакансій оброблено (✓3 ✗17)
2026-06-03 14:01:50 [info] [Enricher] 25/50 вакансій оброблено (✓3 ✗22)
2026-06-03 14:01:51 [info] [Enricher] 30/50 вакансій оброблено (✓3 ✗27)
2026-06-03 14:01:52 [info] [Enricher] 35/50 вакансій оброблено (✓5 ✗30)
2026-06-03 14:01:56 [info] [Enricher] 40/50 вакансій оброблено (✓8 ✗32)
2026-06-03 14:01:57 [info] [Enricher] 45/50 вакансій оброблено (✓12 ✗33)
2026-06-03 14:01:58 [info] [Enricher] 50/50 вакансій оброблено (✓17 ✗33)
2026-06-03 14:01:58 [info] [Enricher] Готово: 17 збагачено, 33 пропущено
2026-06-03 14:01:58 [info] Начинаю скоринг 50 вакансий...
2026-06-03 14:01:58 [info] Скоринг завершён. Средний score: 48%, макс: 68%
2026-06-03 14:01:58 [info] Пошук завершено. Відправляю 364 вакансій клієнту.
2026-06-03 14:03:22 [info] → POST /api/resume/upload
2026-06-03 14:03:22 [info] Получен файл: CV_Vladyslav_Hryn (3).pdf (129.6 КБ)
2026-06-03 14:03:22 [info] Начинаю парсинг PDF: uploads\resume-1780484602859-592209644.pdf
2026-06-03 14:03:23 [info] Резюме успешно распарсено: 1 страниц(ы), 2801 символов
2026-06-03 14:03:23 [info] Начинаю извлечение данных из текста резюме...
2026-06-03 14:03:23 [info] Извлечено: позиция="Software Engineer", навыков=8, опыт=1 лет, уровень=Junior, город=Київ
2026-06-03 14:03:27 [info] → POST /api/search
2026-06-03 14:03:27 [info] Запуск пошуку вакансій...
2026-06-03 14:03:27 [info] ═══════════════════════════════════════════
2026-06-03 14:03:27 [info] Запуск поиска по всем источникам...
2026-06-03 14:03:27 [info] Ключевые слова: "Junior Software Engineer"
2026-06-03 14:03:27 [info] Навыки: Python, C#, HTML, CSS, SQL, SQLite, Git, GitHub
2026-06-03 14:03:27 [info] Город: Київ, Уровень: Junior
2026-06-03 14:03:27 [info] ═══════════════════════════════════════════
2026-06-03 14:03:27 [info] [Jooble] Начинаю поиск: keywords="Junior Software Engineer", location="Київ"
2026-06-03 14:03:27 [info] [Work.ua] Начинаю поиск: keywords="Junior Software Engineer", location="Київ"
2026-06-03 14:03:27 [info] [Work.ua] Запрос: https://www.work.ua/jobs-Junior+Software+Engineer+Python+C%23/?page=1
2026-06-03 14:03:27 [info] [Robota.ua] Начинаю поиск: keywords="Junior Software Engineer", location="Київ"
2026-06-03 14:03:27 [info] [Robota.ua] API POST https://api.robota.ua/vacancy/search page=0
2026-06-03 14:03:27 [info] [DOU] Начинаю поиск: keywords="Junior Software Engineer", location="Київ"
2026-06-03 14:03:27 [info] [DOU] Запит: https://jobs.dou.ua/vacancies/?search=Junior%20Software%20Engineer
2026-06-03 14:03:27 [info] [Robota.ua] Страница 0: 20 вакансий
2026-06-03 14:03:27 [info] [Work.ua] Страница 1: найдено 10 вакансий
2026-06-03 14:03:27 [info] [Work.ua] Парсинг завершен, найдено 10 вакансий
2026-06-03 14:03:27 [info] [Work.ua] Найдено 10 вакансий
2026-06-03 14:03:27 [info] [Jooble] Запрос к API выполнен (200 OK), страница 1
2026-06-03 14:03:28 [info] [Jooble] Запрос к API выполнен (200 OK), страница 2
2026-06-03 14:03:28 [info] [Jooble] Запрос к API выполнен (200 OK), страница 3
2026-06-03 14:03:28 [info] [Jooble] Найдено 90 вакансий
2026-06-03 14:03:29 [info] [DOU] Запит: https://jobs.dou.ua/first-job/
2026-06-03 14:03:29 [info] [Robota.ua] API POST https://api.robota.ua/vacancy/search page=1
2026-06-03 14:03:30 [info] [Robota.ua] Страница 1: 20 вакансий
2026-06-03 14:03:32 [info] [DOU] Розділ "Перша робота": знайдено 221 вакансій
2026-06-03 14:03:32 [info] [DOU] Запит: https://jobs.dou.ua/vacancies/?category=Python
2026-06-03 14:03:32 [info] [Robota.ua] API POST https://api.robota.ua/vacancy/search page=2
2026-06-03 14:03:32 [info] [Robota.ua] Страница 2: 20 вакансий
2026-06-03 14:03:32 [info] [Robota.ua] API вернул 60 вакансий
2026-06-03 14:03:32 [info] [Robota.ua] Найдено 60 вакансий
2026-06-03 14:03:35 [info] [DOU] Парсинг завершено, знайдено 249 вакансій
2026-06-03 14:03:35 [info] [DOU] Найдено 249 вакансий
2026-06-03 14:03:35 [info] ✓ Jooble: 90 вакансий
2026-06-03 14:03:35 [info] ✓ Work.ua: 10 вакансий
2026-06-03 14:03:35 [info] ✓ Robota.ua: 60 вакансий
2026-06-03 14:03:35 [info] ✓ DOU: 249 вакансий
2026-06-03 14:03:35 [info] ═══════════════════════════════════════════
2026-06-03 14:03:35 [info] Поиск завершён за 8.0с. Итого: 403 уникальных вакансий
2026-06-03 14:03:35 [info]   ✓ Jooble: 90 вакансий
2026-06-03 14:03:35 [info]   ✓ Work.ua: 10 вакансий
2026-06-03 14:03:35 [info]   ✓ Robota.ua: 60 вакансий
2026-06-03 14:03:35 [info]   ✓ DOU: 249 вакансий
2026-06-03 14:03:35 [info] ═══════════════════════════════════════════
2026-06-03 14:03:35 [info] Начинаю скоринг 403 вакансий...
2026-06-03 14:03:35 [info] Скоринг завершён. Средний score: 28%, макс: 57%
2026-06-03 14:03:35 [info] Докачую повні описи для топ-50 вакансій...
2026-06-03 14:03:35 [info] [Enricher] 5/50 вакансій оброблено (✓2 ✗3)
2026-06-03 14:03:36 [info] [Enricher] 10/50 вакансій оброблено (✓3 ✗7)
2026-06-03 14:03:37 [info] [Enricher] 15/50 вакансій оброблено (✓3 ✗12)
2026-06-03 14:03:38 [info] [Enricher] 20/50 вакансій оброблено (✓3 ✗17)
2026-06-03 14:03:39 [info] [Enricher] 25/50 вакансій оброблено (✓3 ✗22)
2026-06-03 14:03:40 [info] [Enricher] 30/50 вакансій оброблено (✓3 ✗27)
2026-06-03 14:03:41 [info] [Enricher] 35/50 вакансій оброблено (✓5 ✗30)
2026-06-03 14:03:42 [info] [Enricher] 40/50 вакансій оброблено (✓8 ✗32)
2026-06-03 14:03:43 [info] [Enricher] 45/50 вакансій оброблено (✓12 ✗33)
2026-06-03 14:03:44 [info] [Enricher] 50/50 вакансій оброблено (✓17 ✗33)
2026-06-03 14:03:44 [info] [Enricher] Готово: 17 збагачено, 33 пропущено
2026-06-03 14:03:44 [info] Начинаю скоринг 50 вакансий...
2026-06-03 14:03:44 [info] Скоринг завершён. Средний score: 48%, макс: 68%
2026-06-03 14:03:44 [info] Пошук завершено. Відправляю 365 вакансій клієнту.
2026-06-03 14:04:44 [info] → POST /api/resume/upload
2026-06-03 14:04:44 [info] Получен файл: CV_Vladyslav_Hryn (3).pdf (129.6 КБ)
2026-06-03 14:04:44 [info] Начинаю парсинг PDF: uploads\resume-1780484684160-133311470.pdf
2026-06-03 14:04:44 [info] Резюме успешно распарсено: 1 страниц(ы), 2801 символов
2026-06-03 14:04:44 [info] Начинаю извлечение данных из текста резюме...
2026-06-03 14:04:44 [info] Извлечено: позиция="Software Engineer", навыков=8, опыт=1 лет, уровень=Junior, город=Київ
2026-06-03 14:04:45 [info] → POST /api/search
2026-06-03 14:04:45 [info] Запуск пошуку вакансій...
2026-06-03 14:04:45 [info] ═══════════════════════════════════════════
2026-06-03 14:04:45 [info] Запуск поиска по всем источникам...
2026-06-03 14:04:45 [info] Ключевые слова: "Junior Software Engineer"
2026-06-03 14:04:45 [info] Навыки: Python, C#, HTML, CSS, SQL, SQLite, Git, GitHub
2026-06-03 14:04:45 [info] Город: Київ, Уровень: Junior
2026-06-03 14:04:45 [info] ═══════════════════════════════════════════
2026-06-03 14:04:45 [info] [Jooble] Начинаю поиск: keywords="Junior Software Engineer", location="Київ"
2026-06-03 14:04:45 [info] [Work.ua] Начинаю поиск: keywords="Junior Software Engineer", location="Київ"
2026-06-03 14:04:45 [info] [Work.ua] Запрос: https://www.work.ua/jobs-Junior+Software+Engineer+Python+C%23/?page=1
2026-06-03 14:04:45 [info] [Robota.ua] Начинаю поиск: keywords="Junior Software Engineer", location="Київ"
2026-06-03 14:04:45 [info] [Robota.ua] API POST https://api.robota.ua/vacancy/search page=0
2026-06-03 14:04:45 [info] [DOU] Начинаю поиск: keywords="Junior Software Engineer", location="Київ"
2026-06-03 14:04:45 [info] [DOU] Запит: https://jobs.dou.ua/vacancies/?search=Junior%20Software%20Engineer
2026-06-03 14:04:45 [info] [Work.ua] Страница 1: найдено 10 вакансий
2026-06-03 14:04:45 [info] [Work.ua] Парсинг завершен, найдено 10 вакансий
2026-06-03 14:04:45 [info] [Work.ua] Найдено 10 вакансий
2026-06-03 14:04:45 [info] [Robota.ua] Страница 0: 20 вакансий
2026-06-03 14:04:46 [info] [Jooble] Запрос к API выполнен (200 OK), страница 1
2026-06-03 14:04:46 [info] [Jooble] Запрос к API выполнен (200 OK), страница 2
2026-06-03 14:04:47 [info] [Jooble] Запрос к API выполнен (200 OK), страница 3
2026-06-03 14:04:47 [info] [Jooble] Найдено 90 вакансий
2026-06-03 14:04:48 [info] [Robota.ua] API POST https://api.robota.ua/vacancy/search page=1
2026-06-03 14:04:48 [info] [DOU] Запит: https://jobs.dou.ua/first-job/
2026-06-03 14:04:48 [info] [Robota.ua] Страница 1: 20 вакансий
2026-06-03 14:04:51 [info] [Robota.ua] API POST https://api.robota.ua/vacancy/search page=2
2026-06-03 14:04:51 [info] [Robota.ua] Страница 2: 20 вакансий
2026-06-03 14:04:51 [info] [Robota.ua] API вернул 60 вакансий
2026-06-03 14:04:51 [info] [Robota.ua] Найдено 60 вакансий
2026-06-03 14:04:51 [info] [DOU] Розділ "Перша робота": знайдено 221 вакансій
2026-06-03 14:04:51 [info] [DOU] Запит: https://jobs.dou.ua/vacancies/?category=Python
2026-06-03 14:04:54 [info] [DOU] Парсинг завершено, знайдено 249 вакансій
2026-06-03 14:04:54 [info] [DOU] Найдено 249 вакансий
2026-06-03 14:04:54 [info] ✓ Jooble: 90 вакансий
2026-06-03 14:04:54 [info] ✓ Work.ua: 10 вакансий
2026-06-03 14:04:54 [info] ✓ Robota.ua: 60 вакансий
2026-06-03 14:04:54 [info] ✓ DOU: 249 вакансий
2026-06-03 14:04:54 [info] ═══════════════════════════════════════════
2026-06-03 14:04:54 [info] Поиск завершён за 9.0с. Итого: 402 уникальных вакансий
2026-06-03 14:04:54 [info]   ✓ Jooble: 90 вакансий
2026-06-03 14:04:54 [info]   ✓ Work.ua: 10 вакансий
2026-06-03 14:04:54 [info]   ✓ Robota.ua: 60 вакансий
2026-06-03 14:04:54 [info]   ✓ DOU: 249 вакансий
2026-06-03 14:04:54 [info] ═══════════════════════════════════════════
2026-06-03 14:04:54 [info] Начинаю скоринг 402 вакансий...
2026-06-03 14:04:54 [info] Скоринг завершён. Средний score: 28%, макс: 57%
2026-06-03 14:04:54 [info] Докачую повні описи для топ-50 вакансій...
2026-06-03 14:04:54 [info] [Enricher] 5/50 вакансій оброблено (✓2 ✗3)
2026-06-03 14:04:55 [info] [Enricher] 10/50 вакансій оброблено (✓3 ✗7)
2026-06-03 14:04:56 [info] [Enricher] 15/50 вакансій оброблено (✓3 ✗12)
2026-06-03 14:04:57 [info] [Enricher] 20/50 вакансій оброблено (✓3 ✗17)
2026-06-03 14:04:58 [info] [Enricher] 25/50 вакансій оброблено (✓3 ✗22)
2026-06-03 14:04:59 [info] [Enricher] 30/50 вакансій оброблено (✓3 ✗27)
2026-06-03 14:05:00 [info] [Enricher] 35/50 вакансій оброблено (✓5 ✗30)
2026-06-03 14:05:01 [info] [Enricher] 40/50 вакансій оброблено (✓8 ✗32)
2026-06-03 14:05:03 [info] [Enricher] 45/50 вакансій оброблено (✓12 ✗33)
2026-06-03 14:05:04 [info] [Enricher] 50/50 вакансій оброблено (✓17 ✗33)
2026-06-03 14:05:04 [info] [Enricher] Готово: 17 збагачено, 33 пропущено
2026-06-03 14:05:04 [info] Начинаю скоринг 50 вакансий...
2026-06-03 14:05:04 [info] Скоринг завершён. Средний score: 48%, макс: 68%
2026-06-03 14:05:04 [info] Пошук завершено. Відправляю 364 вакансій клієнту.
2026-06-03 14:08:28 [info] → POST /api/resume/upload
2026-06-03 14:08:28 [info] Получен файл: CV_Vladyslav_Hryn (3).pdf (129.6 КБ)
2026-06-03 14:08:28 [info] Начинаю парсинг PDF: uploads\resume-1780484908147-320357280.pdf
2026-06-03 14:08:28 [info] Резюме успешно распарсено: 1 страниц(ы), 2801 символов
2026-06-03 14:08:28 [info] Начинаю извлечение данных из текста резюме...
2026-06-03 14:08:28 [info] Извлечено: позиция="Software Engineer", навыков=8, опыт=1 лет, уровень=Junior, город=Київ
2026-06-03 14:08:29 [info] → POST /api/search
2026-06-03 14:08:29 [info] Запуск пошуку вакансій...
2026-06-03 14:08:29 [info] ═══════════════════════════════════════════
2026-06-03 14:08:29 [info] Запуск поиска по всем источникам...
2026-06-03 14:08:29 [info] Ключевые слова: "Junior Software Engineer"
2026-06-03 14:08:29 [info] Навыки: Python, C#, HTML, CSS, SQL, SQLite, Git, GitHub
2026-06-03 14:08:29 [info] Город: Київ, Уровень: Junior
2026-06-03 14:08:29 [info] ═══════════════════════════════════════════
2026-06-03 14:08:29 [info] [Jooble] Начинаю поиск: keywords="Junior Software Engineer", location="Київ"
2026-06-03 14:08:29 [info] [Work.ua] Начинаю поиск: keywords="Junior Software Engineer", location="Київ"
2026-06-03 14:08:29 [info] [Work.ua] Запрос: https://www.work.ua/jobs-Junior+Software+Engineer+Python+C%23/?page=1
2026-06-03 14:08:29 [info] [Robota.ua] Начинаю поиск: keywords="Junior Software Engineer", location="Київ"
2026-06-03 14:08:29 [info] [Robota.ua] API POST https://api.robota.ua/vacancy/search page=0
2026-06-03 14:08:29 [info] [DOU] Начинаю поиск: keywords="Junior Software Engineer", location="Київ"
2026-06-03 14:08:29 [info] [DOU] Запит: https://jobs.dou.ua/vacancies/?search=Junior%20Software%20Engineer
2026-06-03 14:08:29 [info] [Work.ua] Страница 1: найдено 10 вакансий
2026-06-03 14:08:29 [info] [Work.ua] Парсинг завершен, найдено 10 вакансий
2026-06-03 14:08:29 [info] [Work.ua] Найдено 10 вакансий
2026-06-03 14:08:29 [info] [Jooble] Запрос к API выполнен (200 OK), страница 1
2026-06-03 14:08:29 [info] [Robota.ua] Страница 0: 20 вакансий
2026-06-03 14:08:30 [info] [Jooble] Запрос к API выполнен (200 OK), страница 2
2026-06-03 14:08:30 [info] [Jooble] Запрос к API выполнен (200 OK), страница 3
2026-06-03 14:08:30 [info] [Jooble] Найдено 90 вакансий
2026-06-03 14:08:32 [info] [DOU] Запит: https://jobs.dou.ua/first-job/
2026-06-03 14:08:32 [info] [Robota.ua] API POST https://api.robota.ua/vacancy/search page=1
2026-06-03 14:08:32 [info] [Robota.ua] Страница 1: 20 вакансий
2026-06-03 14:08:35 [info] [DOU] Розділ "Перша робота": знайдено 221 вакансій
2026-06-03 14:08:35 [info] [DOU] Запит: https://jobs.dou.ua/vacancies/?category=Python
2026-06-03 14:08:35 [info] [Robota.ua] API POST https://api.robota.ua/vacancy/search page=2
2026-06-03 14:08:35 [info] [Robota.ua] Страница 2: 20 вакансий
2026-06-03 14:08:35 [info] [Robota.ua] API вернул 60 вакансий
2026-06-03 14:08:35 [info] [Robota.ua] Найдено 60 вакансий
2026-06-03 14:08:37 [info] [DOU] Парсинг завершено, знайдено 249 вакансій
2026-06-03 14:08:37 [info] [DOU] Найдено 249 вакансий
2026-06-03 14:08:37 [info] ✓ Jooble: 90 вакансий
2026-06-03 14:08:37 [info] ✓ Work.ua: 10 вакансий
2026-06-03 14:08:37 [info] ✓ Robota.ua: 60 вакансий
2026-06-03 14:08:37 [info] ✓ DOU: 249 вакансий
2026-06-03 14:08:37 [info] ═══════════════════════════════════════════
2026-06-03 14:08:37 [info] Поиск завершён за 8.7с. Итого: 402 уникальных вакансий
2026-06-03 14:08:37 [info]   ✓ Jooble: 90 вакансий
2026-06-03 14:08:37 [info]   ✓ Work.ua: 10 вакансий
2026-06-03 14:08:37 [info]   ✓ Robota.ua: 60 вакансий
2026-06-03 14:08:37 [info]   ✓ DOU: 249 вакансий
2026-06-03 14:08:37 [info] ═══════════════════════════════════════════
2026-06-03 14:08:37 [info] Начинаю скоринг 402 вакансий...
2026-06-03 14:08:38 [info] Скоринг завершён. Средний score: 28%, макс: 57%
2026-06-03 14:08:38 [info] Докачую повні описи для топ-50 вакансій...
2026-06-03 14:08:38 [info] [Enricher] 5/50 вакансій оброблено (✓2 ✗3)
2026-06-03 14:08:39 [info] [Enricher] 10/50 вакансій оброблено (✓3 ✗7)
2026-06-03 14:08:40 [info] [Enricher] 15/50 вакансій оброблено (✓3 ✗12)
2026-06-03 14:08:41 [info] [Enricher] 20/50 вакансій оброблено (✓3 ✗17)
2026-06-03 14:08:42 [info] [Enricher] 25/50 вакансій оброблено (✓3 ✗22)
2026-06-03 14:08:43 [info] [Enricher] 30/50 вакансій оброблено (✓3 ✗27)
2026-06-03 14:08:44 [info] [Enricher] 35/50 вакансій оброблено (✓5 ✗30)
2026-06-03 14:08:47 [info] [Enricher] 40/50 вакансій оброблено (✓8 ✗32)
2026-06-03 14:08:48 [info] [Enricher] 45/50 вакансій оброблено (✓12 ✗33)
2026-06-03 14:08:49 [info] [Enricher] 50/50 вакансій оброблено (✓17 ✗33)
2026-06-03 14:08:49 [info] [Enricher] Готово: 17 збагачено, 33 пропущено
2026-06-03 14:08:49 [info] Начинаю скоринг 50 вакансий...
2026-06-03 14:08:49 [info] Скоринг завершён. Средний score: 48%, макс: 68%
2026-06-03 14:08:49 [info] Пошук завершено. Відправляю 364 вакансій клієнту.
2026-06-03 14:10:45 [info] → POST /api/resume/upload
2026-06-03 14:10:45 [info] Получен файл: CV_Vladyslav_Hryn (3).pdf (129.6 КБ)
2026-06-03 14:10:45 [info] Начинаю парсинг PDF: uploads\resume-1780485045098-841091064.pdf
2026-06-03 14:10:45 [info] Резюме успешно распарсено: 1 страниц(ы), 2801 символов
2026-06-03 14:10:45 [info] Начинаю извлечение данных из текста резюме...
2026-06-03 14:10:45 [info] Извлечено: позиция="Software Engineer", навыков=8, опыт=1 лет, уровень=Junior, город=Київ
2026-06-03 14:10:46 [info] → POST /api/search
2026-06-03 14:10:46 [info] Запуск пошуку вакансій...
2026-06-03 14:10:46 [info] ═══════════════════════════════════════════
2026-06-03 14:10:46 [info] Запуск поиска по всем источникам...
2026-06-03 14:10:46 [info] Ключевые слова: "Junior Software Engineer"
2026-06-03 14:10:46 [info] Навыки: Python, C#, HTML, CSS, SQL, SQLite, Git, GitHub
2026-06-03 14:10:46 [info] Город: Київ, Уровень: Junior
2026-06-03 14:10:46 [info] ═══════════════════════════════════════════
2026-06-03 14:10:46 [info] [Jooble] Начинаю поиск: keywords="Junior Software Engineer", location="Київ"
2026-06-03 14:10:46 [info] [Work.ua] Начинаю поиск: keywords="Junior Software Engineer", location="Київ"
2026-06-03 14:10:46 [info] [Work.ua] Запрос: https://www.work.ua/jobs-Junior+Software+Engineer+Python+C%23/?page=1
2026-06-03 14:10:46 [info] [Robota.ua] Начинаю поиск: keywords="Junior Software Engineer", location="Київ"
2026-06-03 14:10:46 [info] [Robota.ua] API POST https://api.robota.ua/vacancy/search page=0
2026-06-03 14:10:46 [info] [DOU] Начинаю поиск: keywords="Junior Software Engineer", location="Київ"
2026-06-03 14:10:46 [info] [DOU] Запит: https://jobs.dou.ua/vacancies/?search=Junior%20Software%20Engineer
2026-06-03 14:10:46 [info] [Robota.ua] Страница 0: 20 вакансий
2026-06-03 14:10:46 [info] [Work.ua] Страница 1: найдено 10 вакансий
2026-06-03 14:10:46 [info] [Work.ua] Парсинг завершен, найдено 10 вакансий
2026-06-03 14:10:46 [info] [Work.ua] Найдено 10 вакансий
2026-06-03 14:10:46 [info] [Jooble] Запрос к API выполнен (200 OK), страница 1
2026-06-03 14:10:47 [info] [Jooble] Запрос к API выполнен (200 OK), страница 2
2026-06-03 14:10:47 [info] [Jooble] Запрос к API выполнен (200 OK), страница 3
2026-06-03 14:10:47 [info] [Jooble] Найдено 90 вакансий
2026-06-03 14:10:48 [info] [Robota.ua] API POST https://api.robota.ua/vacancy/search page=1
2026-06-03 14:10:48 [info] [DOU] Запит: https://jobs.dou.ua/first-job/
2026-06-03 14:10:49 [info] [Robota.ua] Страница 1: 20 вакансий
2026-06-03 14:10:51 [info] [Robota.ua] API POST https://api.robota.ua/vacancy/search page=2
2026-06-03 14:10:51 [info] [DOU] Розділ "Перша робота": знайдено 221 вакансій
2026-06-03 14:10:51 [info] [DOU] Запит: https://jobs.dou.ua/vacancies/?category=Python
2026-06-03 14:10:53 [info] [Robota.ua] Страница 2: 20 вакансий
2026-06-03 14:10:53 [info] [Robota.ua] API вернул 60 вакансий
2026-06-03 14:10:53 [info] [Robota.ua] Найдено 60 вакансий
2026-06-03 14:10:54 [info] [DOU] Парсинг завершено, знайдено 249 вакансій
2026-06-03 14:10:54 [info] [DOU] Найдено 249 вакансий
2026-06-03 14:10:54 [info] ✓ Jooble: 90 вакансий
2026-06-03 14:10:54 [info] ✓ Work.ua: 10 вакансий
2026-06-03 14:10:54 [info] ✓ Robota.ua: 60 вакансий
2026-06-03 14:10:54 [info] ✓ DOU: 249 вакансий
2026-06-03 14:10:54 [info] ═══════════════════════════════════════════
2026-06-03 14:10:54 [info] Поиск завершён за 7.9с. Итого: 403 уникальных вакансий
2026-06-03 14:10:54 [info]   ✓ Jooble: 90 вакансий
2026-06-03 14:10:54 [info]   ✓ Work.ua: 10 вакансий
2026-06-03 14:10:54 [info]   ✓ Robota.ua: 60 вакансий
2026-06-03 14:10:54 [info]   ✓ DOU: 249 вакансий
2026-06-03 14:10:54 [info] ═══════════════════════════════════════════
2026-06-03 14:10:54 [info] Начинаю скоринг 403 вакансий...
2026-06-03 14:10:54 [info] Скоринг завершён. Средний score: 28%, макс: 57%
2026-06-03 14:10:54 [info] Докачую повні описи для топ-50 вакансій...
2026-06-03 14:10:54 [info] [Enricher] 5/50 вакансій оброблено (✓2 ✗3)
2026-06-03 14:10:55 [info] [Enricher] 10/50 вакансій оброблено (✓3 ✗7)
2026-06-03 14:10:56 [info] [Enricher] 15/50 вакансій оброблено (✓3 ✗12)
2026-06-03 14:10:57 [info] [Enricher] 20/50 вакансій оброблено (✓3 ✗17)
2026-06-03 14:10:58 [info] [Enricher] 25/50 вакансій оброблено (✓3 ✗22)
2026-06-03 14:10:58 [info] [Enricher] 30/50 вакансій оброблено (✓3 ✗27)
2026-06-03 14:11:00 [info] [Enricher] 35/50 вакансій оброблено (✓5 ✗30)
2026-06-03 14:11:01 [info] [Enricher] 40/50 вакансій оброблено (✓8 ✗32)
2026-06-03 14:11:02 [info] [Enricher] 45/50 вакансій оброблено (✓12 ✗33)
2026-06-03 14:11:03 [info] [Enricher] 50/50 вакансій оброблено (✓17 ✗33)
2026-06-03 14:11:03 [info] [Enricher] Готово: 17 збагачено, 33 пропущено
2026-06-03 14:11:03 [info] Начинаю скоринг 50 вакансий...
2026-06-03 14:11:03 [info] Скоринг завершён. Средний score: 48%, макс: 68%
2026-06-03 14:11:03 [info] Пошук завершено. Відправляю 365 вакансій клієнту.
2026-06-03 14:11:23 [info] → POST /api/search
2026-06-03 14:11:23 [info] Запуск пошуку вакансій...
2026-06-03 14:11:23 [info] ═══════════════════════════════════════════
2026-06-03 14:11:23 [info] Запуск поиска по всем источникам...
2026-06-03 14:11:23 [info] Ключевые слова: "Junior Зварювальник"
2026-06-03 14:11:23 [info] Навыки: не указаны
2026-06-03 14:11:23 [info] Город: Київ, Уровень: Junior
2026-06-03 14:11:23 [info] ═══════════════════════════════════════════
2026-06-03 14:11:23 [info] [Jooble] Начинаю поиск: keywords="Junior Зварювальник", location="Київ"
2026-06-03 14:11:23 [info] [Work.ua] Начинаю поиск: keywords="Junior Зварювальник", location="Київ"
2026-06-03 14:11:23 [info] [Work.ua] Запрос: https://www.work.ua/jobs-Junior+%D0%97%D0%B2%D0%B0%D1%80%D1%8E%D0%B2%D0%B0%D0%BB%D1%8C%D0%BD%D0%B8%D0%BA/?page=1
2026-06-03 14:11:23 [info] [Robota.ua] Начинаю поиск: keywords="Junior Зварювальник", location="Київ"
2026-06-03 14:11:23 [info] [Robota.ua] API POST https://api.robota.ua/vacancy/search page=0
2026-06-03 14:11:23 [info] [DOU] Начинаю поиск: keywords="Junior Зварювальник", location="Київ"
2026-06-03 14:11:23 [info] [DOU] Запит: https://jobs.dou.ua/vacancies/?search=Junior%20%D0%97%D0%B2%D0%B0%D1%80%D1%8E%D0%B2%D0%B0%D0%BB%D1%8C%D0%BD%D0%B8%D0%BA
2026-06-03 14:11:23 [info] [Robota.ua] Страница 0: 2 вакансий
2026-06-03 14:11:23 [info] [Robota.ua] API вернул 2 вакансий
2026-06-03 14:11:23 [info] [Robota.ua] Найдено 2 вакансий
2026-06-03 14:11:23 [info] [DOU] Запит: https://jobs.dou.ua/first-job/
2026-06-03 14:11:24 [info] [Work.ua] Страница 1: найдено 10 вакансий
2026-06-03 14:11:24 [info] [Work.ua] Парсинг завершен, найдено 10 вакансий
2026-06-03 14:11:24 [info] [Work.ua] Найдено 10 вакансий
2026-06-03 14:11:24 [info] [Jooble] Запрос к API выполнен (200 OK), страница 1
2026-06-03 14:11:24 [info] [Jooble] Запрос к API выполнен (200 OK), страница 2
2026-06-03 14:11:25 [info] [Jooble] Запрос к API выполнен (200 OK), страница 3
2026-06-03 14:11:25 [info] [Jooble] Найдено 90 вакансий
2026-06-03 14:11:27 [info] [DOU] Розділ "Перша робота": знайдено 221 вакансій
2026-06-03 14:11:27 [info] [DOU] Парсинг завершено, знайдено 221 вакансій
2026-06-03 14:11:27 [info] [DOU] Найдено 221 вакансий
2026-06-03 14:11:27 [info] ✓ Jooble: 90 вакансий
2026-06-03 14:11:27 [info] ✓ Work.ua: 10 вакансий
2026-06-03 14:11:27 [info] ✓ Robota.ua: 2 вакансий
2026-06-03 14:11:27 [info] ✓ DOU: 221 вакансий
2026-06-03 14:11:27 [info] ═══════════════════════════════════════════
2026-06-03 14:11:27 [info] Поиск завершён за 3.6с. Итого: 316 уникальных вакансий
2026-06-03 14:11:27 [info]   ✓ Jooble: 90 вакансий
2026-06-03 14:11:27 [info]   ✓ Work.ua: 10 вакансий
2026-06-03 14:11:27 [info]   ✓ Robota.ua: 2 вакансий
2026-06-03 14:11:27 [info]   ✓ DOU: 221 вакансий
2026-06-03 14:11:27 [info] ═══════════════════════════════════════════
2026-06-03 14:11:27 [info] Начинаю скоринг 316 вакансий...
2026-06-03 14:11:27 [info] Скоринг завершён. Средний score: 27%, макс: 51%
2026-06-03 14:11:27 [info] Докачую повні описи для топ-50 вакансій...
2026-06-03 14:11:27 [info] [Enricher] 5/50 вакансій оброблено (✓0 ✗5)
2026-06-03 14:11:28 [info] [Enricher] 10/50 вакансій оброблено (✓4 ✗6)
2026-06-03 14:11:29 [info] [Enricher] 15/50 вакансій оброблено (✓6 ✗9)
2026-06-03 14:11:30 [info] [Enricher] 20/50 вакансій оброблено (✓8 ✗12)
2026-06-03 14:11:31 [info] [Enricher] 25/50 вакансій оброблено (✓13 ✗12)
2026-06-03 14:11:32 [info] [Enricher] 30/50 вакансій оброблено (✓18 ✗12)
2026-06-03 14:11:33 [info] [Enricher] 35/50 вакансій оброблено (✓23 ✗12)
2026-06-03 14:11:35 [info] [Enricher] 40/50 вакансій оброблено (✓28 ✗12)
2026-06-03 14:11:36 [info] [Enricher] 45/50 вакансій оброблено (✓28 ✗17)
2026-06-03 14:11:36 [info] [Enricher] 50/50 вакансій оброблено (✓28 ✗22)
2026-06-03 14:11:36 [info] [Enricher] Готово: 28 збагачено, 22 пропущено
2026-06-03 14:11:36 [info] Начинаю скоринг 50 вакансий...
2026-06-03 14:11:36 [info] Скоринг завершён. Средний score: 38%, макс: 51%
2026-06-03 14:11:36 [info] Пошук завершено. Відправляю 308 вакансій клієнту.
2026-06-03 14:18:54 [info] ═══════════════════════════════════════════
2026-06-03 14:18:54 [info] 🚀 JobHunter UA Backend запущен
2026-06-03 14:18:54 [info]    Порт: 3001
2026-06-03 14:18:54 [info]    Режим: development
2026-06-03 14:18:54 [info]    Jooble API: ✓ настроен
2026-06-03 14:18:54 [info]    Время: 03.06.2026, 14:18:54
2026-06-03 14:18:54 [info] ═══════════════════════════════════════════
